Country,EU27,Agglomeration Name,Nr Inhabitants,Area (km2),Nr of people exposed to different noise bands (Lden),,,,,,,Nr of people exposed to different noise bands (Lnight),,,,,,,DF4_8 Date Released,Data Source,URL
,,,,,45-49,50-54,55-59,60-64,65-69,70-74,>75,40-44,45-49,50-54,55-59    ,60-64    ,65-69    ,>70,,,
Austria,EU27,Graz,291000,128,No data ,No data ,0,0,0,0,0,No data ,0,0,0,0,0,0,2023-10-25,Reportnet 3 submission harvested on 16 April 2024,https://reportnet.europa.eu/public/dataflow/873
Austria,EU27,Innsbruck,144200,47,No data ,No data ,0,0,0,0,0,No data ,0,0,0,0,0,0,2023-10-25,Reportnet 3 submission harvested on 16 April 2024,https://reportnet.europa.eu/public/dataflow/873
Austria,EU27,Linz,260300,136,No data ,No data ,4000,800,300,100,100,No data ,12700,600,100,0,0,0,2023-10-25,Reportnet 3 submission harvested on 16 April 2024,https://reportnet.europa.eu/public/dataflow/873
Austria,EU27,Salzburg,155000,66,No data ,No data ,0,0,0,0,0,No data ,0,0,0,0,0,0,2023-10-25,Reportnet 3 submission harvested on 16 April 2024,https://reportnet.europa.eu/public/dataflow/873
Austria,EU27,Vienna,1977300,456,No data ,No data ,0,0,0,0,0,No data ,900,0,0,0,0,0,2023-10-25,Reportnet 3 submission harvested on 16 April 2024,https://reportnet.europa.eu/public/dataflow/873
Belgium,EU27,Antwerp,530630,204.37,No data ,No data ,5300,1500,400,0,0,No data ,No data ,4000,1300,100,0,0,2024-05-24,Reportnet 3 submission harvested on 18 November 2024,https://reportnet.europa.eu/public/dataflow/873
Belgium,EU27,Bruges,118509,140.88,No data ,No data ,2300,1000,300,0,0,No data ,No data ,1400,600,100,0,0,2024-05-24,Reportnet 3 submission harvested on 18 November 2024,https://reportnet.europa.eu/public/dataflow/873
Belgium,EU27,Brussels,1222637,162.43,Not applicable,Not applicable,Not applicable,Not applicable,Not applicable,Not applicable,Not applicable,Not applicable,Not applicable,Not applicable,Not applicable,Not applicable,Not applicable,Not applicable,Not applicable,Not applicable,Not applicable
Belgium,EU27,Charleroi,202421,102.95,No data ,1200,200,0,0,0,0,No data ,No data ,0,0,0,0,0,2024-05-24,Reportnet 3 submission harvested on 18 November 2024,https://reportnet.europa.eu/public/dataflow/873
Belgium,EU27,Ghent,265086,157.71,No data ,No data ,13200,6500,2600,1200,500,No data ,No data ,11100,4600,2000,1100,300,2024-05-24,Reportnet 3 submission harvested on 18 November 2024,https://reportnet.europa.eu/public/dataflow/873
Belgium,EU27,Leuven,102236,57.5,No data ,No data ,0,0,0,0,0,No data ,No data ,0,0,0,0,0,2024-05-24,Reportnet 3 submission harvested on 18 November 2024,https://reportnet.europa.eu/public/dataflow/873
Belgium,EU27,Liege,195278,68.65,No data ,1500,400,0,0,0,0,No data ,No data ,0,0,0,0,0,2024-05-24,Reportnet 3 submission harvested on 18 November 2024,https://reportnet.europa.eu/public/dataflow/873
Bulgaria,EU27,Burgas,348668,253.64,No data ,No data ,No data ,No data ,No data ,No data ,No data ,No data ,No data ,No data ,No data ,No data ,No data ,No data ,No data ,No data ,No data 
Bulgaria,EU27,Pleven,102955,85,No data ,No data ,No data ,No data ,No data ,No data ,No data ,No data ,No data ,No data ,No data ,No data ,No data ,No data ,No data ,No data ,No data 
Bulgaria,EU27,Plovdiv,364403,101.98,No data ,No data ,No data ,No data ,No data ,No data ,No data ,No data ,No data ,No data ,No data ,No data ,No data ,No data ,No data ,No data ,No data 
Bulgaria,EU27,Ruse,143325,12712,No data ,No data ,No data ,No data ,No data ,No data ,No data ,No data ,No data ,No data ,No data ,No data ,No data ,No data ,No data ,No data ,No data 
Bulgaria,EU27,Sofia,1280034,482,No data ,No data ,No data ,No data ,No data ,No data ,No data ,No data ,No data ,No data ,No data ,No data ,No data ,No data ,No data ,No data ,No data 
Bulgaria,EU27,Stara Zagora,136144,196,No data ,No data ,No data ,No data ,No data ,No data ,No data ,No data ,No data ,No data ,No data ,No data ,No data ,No data ,No data ,No data ,No data 
Bulgaria,EU27,Varna,210813,154.24,No data ,No data ,No data ,No data ,No data ,No data ,No data ,No data ,No data ,No data ,No data ,No data ,No data ,No data ,No data ,No data ,No data 
Croatia,EU27,Rijeka,107964,43.38,No data ,400,0,0,0,0,0,No data ,No data ,0,0,0,0,0,2024-03-15,Reportnet 3 submission harvested on 16 April 2024,https://reportnet.europa.eu/public/dataflow/873
Croatia,EU27,Split,160577,79.39,No data ,0,0,0,0,0,0,No data ,No data ,0,0,0,0,0,2024-03-15,Reportnet 3 submission harvested on 16 April 2024,https://reportnet.europa.eu/public/dataflow/873
Croatia,EU27,Zagreb,767131,641.24,No data ,200,100,0,0,0,0,No data ,No data ,200,0,0,0,0,2024-03-15,Reportnet 3 submission harvested on 16 April 2024,https://reportnet.europa.eu/public/dataflow/873
Cyprus,EU27,Larnaca,99649,88.88,4800,1300,500,0,0,0,0,No data ,0,0,0,0,0,0,2024-03-09,Reportnet 3 submission harvested on 16 April 2024,https://reportnet.europa.eu/public/dataflow/873
Cyprus,EU27,Limassol,200431,70.76,14500,6100,1400,300,100,100,0,No data ,2800,400,200,100,0,0,2024-03-09,Reportnet 3 submission harvested on 16 April 2024,https://reportnet.europa.eu/public/dataflow/873
Cyprus,EU27,Nicosia,254995,98.95,26700,17700,7100,1100,300,100,0,No data ,15200,4600,800,200,0,0,2024-03-09,Reportnet 3 submission harvested on 16 April 2024,https://reportnet.europa.eu/public/dataflow/873
Cyprus,EU27,Pafos,50461,44.57,1800,600,200,0,0,0,0,No data ,500,100,0,0,0,0,2024-03-09,Reportnet 3 submission harvested on 16 April 2024,https://reportnet.europa.eu/public/dataflow/873
Czech Republic,EU27,Brno,443880,328,No data ,1900,800,200,200,0,0,1400,500,300,0,0,0,0,2023-05-28,Reportnet 3 submission harvested on 16 April 2024,https://reportnet.europa.eu/public/dataflow/873
Czech Republic,EU27,Liberec,164645,160,No data ,700,100,100,0,0,0,200,100,0,0,0,0,0,2023-05-28,Reportnet 3 submission harvested on 16 April 2024,https://reportnet.europa.eu/public/dataflow/873
Czech Republic,EU27,Olomouc,109514,105,No data ,1000,100,100,0,0,0,900,300,0,0,0,0,0,2023-05-28,Reportnet 3 submission harvested on 16 April 2024,https://reportnet.europa.eu/public/dataflow/873
Czech Republic,EU27,Ostrava,428269,248,No data ,200,0,0,0,0,0,700,100,0,0,0,0,0,2023-05-28,Reportnet 3 submission harvested on 16 April 2024,https://reportnet.europa.eu/public/dataflow/873
Czech Republic,EU27,Plzen,191279,184,No data ,200,200,0,0,0,0,100,100,0,0,0,0,0,2023-05-28,Reportnet 3 submission harvested on 16 April 2024,https://reportnet.europa.eu/public/dataflow/873
Czech Republic,EU27,Prague,1442378,772,No data ,200,0,0,0,0,0,200,0,0,0,0,0,0,2023-05-28,Reportnet 3 submission harvested on 16 April 2024,https://reportnet.europa.eu/public/dataflow/873
Czech Republic,EU27,Teplice,171348,171,No data ,2400,300,100,0,0,0,1000,200,0,0,0,0,0,2023-05-28,Reportnet 3 submission harvested on 16 April 2024,https://reportnet.europa.eu/public/dataflow/873
Denmark,EU27,Aalborg,138581,66,No data ,No data ,400,0,0,0,0,No data ,No data ,100,0,0,0,0,2024-03-07,Reportnet 3 submission harvested on 16 April 2024,https://reportnet.europa.eu/public/dataflow/873
Denmark,EU27,Aarhus,251047,82,Not applicable,Not applicable,Not applicable,Not applicable,Not applicable,Not applicable,Not applicable,Not applicable,Not applicable,Not applicable,Not applicable,Not applicable,Not applicable,Not applicable,Not applicable,Not applicable,Not applicable
Denmark,EU27,Copenhagen,1254256,384,Not applicable,Not applicable,Not applicable,Not applicable,Not applicable,Not applicable,Not applicable,Not applicable,Not applicable,Not applicable,Not applicable,Not applicable,Not applicable,Not applicable,Not applicable,Not applicable,Not applicable
Denmark,EU27,Odense,196695,101,Not applicable,Not applicable,Not applicable,Not applicable,Not applicable,Not applicable,Not applicable,Not applicable,Not applicable,Not applicable,Not applicable,Not applicable,Not applicable,Not applicable,Not applicable,Not applicable,Not applicable
Estonia,EU27,Tallinn,444970,159,13800,6800,2000,900,100,100,400,No data ,4900,1400,700,100,300,100,2023-11-12,Reportnet 3 submission harvested on 16 April 2024,https://reportnet.europa.eu/public/dataflow/873
Estonia,EU27,Tartu,95389,154,0,0,0,0,0,0,0,No data ,0,0,0,0,0,0,2023-11-12,Reportnet 3 submission harvested on 16 April 2024,https://reportnet.europa.eu/public/dataflow/873
Finland,EU27,Espoo,289761,528,Not applicable,Not applicable,Not applicable,Not applicable,Not applicable,Not applicable,Not applicable,Not applicable,Not applicable,Not applicable,Not applicable,Not applicable,Not applicable,Not applicable,Not applicable,Not applicable,Not applicable
Finland,EU27,Helsinki,653835,217,Not applicable,Not applicable,Not applicable,Not applicable,Not applicable,Not applicable,Not applicable,Not applicable,Not applicable,Not applicable,Not applicable,Not applicable,Not applicable,Not applicable,Not applicable,Not applicable,Not applicable
Finland,EU27,Jyvaskyla,142400,1467,Not applicable,Not applicable,Not applicable,Not applicable,Not applicable,Not applicable,Not applicable,Not applicable,Not applicable,Not applicable,Not applicable,Not applicable,Not applicable,Not applicable,Not applicable,Not applicable,Not applicable
Finland,EU27,Kauniainen,9797,6,Not applicable,Not applicable,Not applicable,Not applicable,Not applicable,Not applicable,Not applicable,Not applicable,Not applicable,Not applicable,Not applicable,Not applicable,Not applicable,Not applicable,Not applicable,Not applicable,Not applicable
Finland,EU27,Kuopio,119235,3241,Not applicable,Not applicable,Not applicable,Not applicable,Not applicable,Not applicable,Not applicable,Not applicable,Not applicable,Not applicable,Not applicable,Not applicable,Not applicable,Not applicable,Not applicable,Not applicable,Not applicable
Finland,EU27,Lahti,119875,518,Not applicable,Not applicable,Not applicable,Not applicable,Not applicable,Not applicable,Not applicable,Not applicable,Not applicable,Not applicable,Not applicable,Not applicable,Not applicable,Not applicable,Not applicable,Not applicable,Not applicable
Finland,EU27,Oulu,205489,3031,Not applicable,Not applicable,Not applicable,Not applicable,Not applicable,Not applicable,Not applicable,Not applicable,Not applicable,Not applicable,Not applicable,Not applicable,Not applicable,Not applicable,Not applicable,Not applicable,Not applicable
Finland,EU27,Tampere,239269,525,Not applicable,Not applicable,Not applicable,Not applicable,Not applicable,Not applicable,Not applicable,Not applicable,Not applicable,Not applicable,Not applicable,Not applicable,Not applicable,Not applicable,Not applicable,Not applicable,Not applicable
Finland,EU27,Turku,192962,306,Not applicable,Not applicable,Not applicable,Not applicable,Not applicable,Not applicable,Not applicable,Not applicable,Not applicable,Not applicable,Not applicable,Not applicable,Not applicable,Not applicable,Not applicable,Not applicable,Not applicable
Finland,EU27,Vantaa,233775,240,Not applicable,Not applicable,Not applicable,Not applicable,Not applicable,Not applicable,Not applicable,Not applicable,Not applicable,Not applicable,Not applicable,Not applicable,Not applicable,Not applicable,Not applicable,Not applicable,Not applicable
France,EU27,Angers,283200,553.06,No data ,No data ,200,100,0,0,0,No data ,No data ,100,0,0,0,0,2024-10-01,Reportnet 3 submission harvested on 18 November 2024,https://reportnet.europa.eu/public/dataflow/873
France,EU27,Arras,110200,305.97,No data ,No data ,3500,1600,800,100,0,No data ,No data ,2300,400,100,0,0,2024-10-01,Reportnet 3 submission harvested on 18 November 2024,https://reportnet.europa.eu/public/dataflow/873
France,EU27,Aubergenville,411100,504.72,No data ,No data ,300,0,0,0,0,No data ,No data ,200,0,0,0,0,2024-10-01,Reportnet 3 submission harvested on 18 November 2024,https://reportnet.europa.eu/public/dataflow/873
France,EU27,Beauchamp,270700,87.24,No data ,No data ,0,0,0,0,0,No data ,No data ,0,0,0,0,0,2024-10-01,Reportnet 3 submission harvested on 18 November 2024,https://reportnet.europa.eu/public/dataflow/873
France,EU27,Besancon,198250,528.6,No data ,No data ,1100,900,300,0,0,No data ,No data ,1100,900,300,0,0,2024-10-01,Reportnet 3 submission harvested on 18 November 2024,https://reportnet.europa.eu/public/dataflow/873
France,EU27,Bordeaux,774900,578.27,No data ,No data ,2200,200,100,0,0,No data ,No data ,300,0,0,0,0,2024-10-01,Reportnet 3 submission harvested on 18 November 2024,https://reportnet.europa.eu/public/dataflow/873
France,EU27,Brest,213000,218.37,No data ,No data ,100,0,100,0,0,No data ,No data ,0,0,0,0,0,2024-10-01,Reportnet 3 submission harvested on 18 November 2024,https://reportnet.europa.eu/public/dataflow/873
France,EU27,Brunoy,177800,66.36,No data ,No data ,0,0,0,0,0,No data ,No data ,0,0,0,0,0,2024-10-01,Reportnet 3 submission harvested on 18 November 2024,https://reportnet.europa.eu/public/dataflow/873
France,EU27,Caen,268900,351.76,No data ,No data ,1400,300,0,0,0,No data ,No data ,100,100,0,0,0,2024-10-01,Reportnet 3 submission harvested on 18 November 2024,https://reportnet.europa.eu/public/dataflow/873
France,EU27,Cannes,160800,94.83,No data ,No data ,No data ,No data ,No data ,No data ,No data ,No data ,No data ,No data ,No data ,No data ,No data ,No data ,No data ,No data ,No data 
France,EU27,Cergy,205700,84.16,No data ,No data ,0,100,0,0,0,No data ,No data ,0,100,0,0,0,2024-10-01,Reportnet 3 submission harvested on 18 November 2024,https://reportnet.europa.eu/public/dataflow/873
France,EU27,Clermont-Ferrand,291800,300.63,No data ,No data ,5200,1700,1200,200,0,No data ,No data ,1400,1000,100,0,0,2024-10-01,Reportnet 3 submission harvested on 18 November 2024,https://reportnet.europa.eu/public/dataflow/873
France,EU27,Courcouronnes,347000,221.19,No data ,No data ,100,0,0,0,0,No data ,No data ,100,0,0,0,0,2024-10-01,Reportnet 3 submission harvested on 18 November 2024,https://reportnet.europa.eu/public/dataflow/873
France,EU27,Dijon,256100,239.96,No data ,No data ,No data ,No data ,No data ,No data ,No data ,No data ,No data ,No data ,No data ,No data ,No data ,No data ,No data ,No data ,No data 
France,EU27,Dunkerque,203800,280.43,No data ,No data ,1400,800,200,0,0,No data ,No data ,600,200,0,0,0,2024-10-01,Reportnet 3 submission harvested on 18 November 2024,https://reportnet.europa.eu/public/dataflow/873
France,EU27,Grenoble,451800,545.54,No data ,No data ,4000,500,200,0,0,No data ,No data ,400,100,0,0,0,2024-10-01,Reportnet 3 submission harvested on 18 November 2024,https://reportnet.europa.eu/public/dataflow/873
France,EU27,Henin-Beaumont,125900,112.07,No data ,No data ,No data ,No data ,No data ,No data ,No data ,No data ,No data ,No data ,No data ,No data ,No data ,No data ,No data ,No data ,No data 
France,EU27,Le Havre,240300,190.65,No data ,No data ,No data ,No data ,No data ,No data ,No data ,No data ,No data ,No data ,No data ,No data ,No data ,No data ,No data ,No data ,No data 
France,EU27,Le Mans,210900,267.05,No data ,No data ,No data ,No data ,No data ,No data ,No data ,No data ,No data ,No data ,No data ,No data ,No data ,No data ,No data ,No data ,No data 
France,EU27,Le Pecq,341300,139.1,No data ,No data ,500,200,100,0,0,No data ,No data ,400,200,0,0,0,2024-10-01,Reportnet 3 submission harvested on 18 November 2024,https://reportnet.europa.eu/public/dataflow/873
France,EU27,Lens,245000,239.38,No data ,No data ,1800,600,100,0,0,No data ,No data ,700,100,0,0,0,2024-10-01,Reportnet 3 submission harvested on 18 November 2024,https://reportnet.europa.eu/public/dataflow/873
France,EU27,Lille,1154100,647.78,No data ,No data ,No data ,No data ,No data ,No data ,No data ,No data ,No data ,No data ,No data ,No data ,No data ,No data ,No data ,No data ,No data 
France,EU27,Limoges,211508,520.6,No data ,No data ,700,100,0,0,0,No data ,No data ,100,0,0,0,0,2024-10-01,Reportnet 3 submission harvested on 18 November 2024,https://reportnet.europa.eu/public/dataflow/873
France,EU27,Lyon,1375000,533.68,No data ,No data ,41000,14800,2800,800,0,No data ,No data ,11700,2100,600,0,0,2024-10-01,Reportnet 3 submission harvested on 18 November 2024,https://reportnet.europa.eu/public/dataflow/873
France,EU27,Marseille,1886800,3149.22,No data ,No data ,10100,9500,3400,0,0,No data ,No data ,9500,3400,0,0,0,2024-10-01,Reportnet 3 submission harvested on 18 November 2024,https://reportnet.europa.eu/public/dataflow/873
France,EU27,Metz,220600,306.2,No data ,No data ,No data ,No data ,No data ,No data ,No data ,No data ,No data ,No data ,No data ,No data ,No data ,No data ,No data ,No data ,No data 
France,EU27,Montmorency,183100,74.08,No data ,No data ,0,0,0,0,0,No data ,No data ,0,0,0,0,0,2024-10-01,Reportnet 3 submission harvested on 18 November 2024,https://reportnet.europa.eu/public/dataflow/873
France,EU27,Montpellier,457800,421.83,No data ,No data ,No data ,No data ,No data ,No data ,No data ,No data ,No data ,No data ,No data ,No data ,No data ,No data ,No data ,No data ,No data 
France,EU27,Nancy,260700,142.3,No data ,No data ,No data ,No data ,No data ,No data ,No data ,No data ,No data ,No data ,No data ,No data ,No data ,No data ,No data ,No data ,No data 
France,EU27,Nantes,636000,523.35,No data ,No data ,1100,400,100,0,0,No data ,No data ,400,100,0,0,0,2024-10-01,Reportnet 3 submission harvested on 18 November 2024,https://reportnet.europa.eu/public/dataflow/873
France,EU27,Nice,545000,1465.81,No data ,No data ,800,6100,2600,1200,0,No data ,No data ,2500,1200,0,0,0,2024-10-01,Reportnet 3 submission harvested on 18 November 2024,https://reportnet.europa.eu/public/dataflow/873
France,EU27,Orleans,287100,334.32,No data ,No data ,No data ,No data ,No data ,No data ,No data ,No data ,No data ,No data ,No data ,No data ,No data ,No data ,No data ,No data ,No data 
France,EU27,Orsay,313800,185.85,No data ,No data ,0,0,0,0,0,No data ,No data ,0,0,0,0,0,2024-10-01,Reportnet 3 submission harvested on 18 November 2024,https://reportnet.europa.eu/public/dataflow/873
France,EU27,Paris,7068800,814.24,No data ,No data ,3900,1100,0,0,0,No data ,No data ,3100,500,0,0,0,2024-10-01,Reportnet 3 submission harvested on 18 November 2024,https://reportnet.europa.eu/public/dataflow/873
France,EU27,Perpignan,268500,616.68,No data ,No data ,No data ,No data ,No data ,No data ,No data ,No data ,No data ,No data ,No data ,No data ,No data ,No data ,No data ,No data ,No data 
France,EU27,Poitiers,191100,1064.7,No data ,No data ,No data ,No data ,No data ,No data ,No data ,No data ,No data ,No data ,No data ,No data ,No data ,No data ,No data ,No data ,No data 
France,EU27,Reims,299100,1432.36,No data ,No data ,800,500,100,0,0,No data ,No data ,200,100,0,0,0,2024-10-01,Reportnet 3 submission harvested on 18 November 2024,https://reportnet.europa.eu/public/dataflow/873
France,EU27,Rennes,444700,705.03,No data ,No data ,500,0,0,0,0,No data ,No data ,0,0,0,0,0,2024-10-01,Reportnet 3 submission harvested on 18 November 2024,https://reportnet.europa.eu/public/dataflow/873
France,EU27,Roissy-en-France,349500,340.88,No data ,No data ,100,0,0,0,0,No data ,No data ,100,0,0,0,0,2024-10-01,Reportnet 3 submission harvested on 18 November 2024,https://reportnet.europa.eu/public/dataflow/873
France,EU27,Rouen,499600,663.83,No data ,No data ,6200,1900,500,100,0,No data ,No data ,1500,200,0,0,0,2024-10-01,Reportnet 3 submission harvested on 18 November 2024,https://reportnet.europa.eu/public/dataflow/873
France,EU27,Saint-Etienne,408700,132.7,No data ,No data ,20600,8600,4900,2200,1400,No data ,No data ,6800,4200,1900,700,400,2024-10-01,Reportnet 3 submission harvested on 18 November 2024,https://reportnet.europa.eu/public/dataflow/873
France,EU27,Sainte-Genevieve-des-Bois,196000,723.5,No data ,No data ,100,100,0,0,0,No data ,No data ,100,200,0,0,0,2024-10-01,Reportnet 3 submission harvested on 18 November 2024,https://reportnet.europa.eu/public/dataflow/873
France,EU27,Strasbourg,491500,337.61,No data ,No data ,No data ,No data ,No data ,No data ,No data ,No data ,No data ,No data ,No data ,No data ,No data ,No data ,No data ,No data ,No data 
France,EU27,Torcy,228900,95.81,No data ,No data ,100,0,0,0,0,No data ,No data ,100,0,0,0,0,2024-10-01,Reportnet 3 submission harvested on 18 November 2024,https://reportnet.europa.eu/public/dataflow/873
France,EU27,Toulon,434400,366.41,No data ,No data ,No data ,No data ,No data ,No data ,No data ,No data ,No data ,No data ,No data ,No data ,No data ,No data ,No data ,No data ,No data 
France,EU27,Toulouse,760100,458.16,No data ,No data ,No data ,No data ,No data ,No data ,No data ,No data ,No data ,No data ,No data ,No data ,No data ,No data ,No data ,No data ,No data 
France,EU27,Tours,299100,389.16,No data ,No data ,300,100,0,0,0,No data ,No data ,100,0,0,0,0,2024-10-01,Reportnet 3 submission harvested on 18 November 2024,https://reportnet.europa.eu/public/dataflow/873
France,EU27,Trappes,231100,119.2,No data ,No data ,200,200,0,0,0,No data ,No data ,200,200,0,0,0,2024-10-01,Reportnet 3 submission harvested on 18 November 2024,https://reportnet.europa.eu/public/dataflow/873
France,EU27,Versailles,269200,123.58,No data ,No data ,200,0,0,0,0,No data ,No data ,200,0,0,0,0,2024-10-01,Reportnet 3 submission harvested on 18 November 2024,https://reportnet.europa.eu/public/dataflow/873
Germany,EU27,Aachen,246443,161,No data ,No data ,2200,800,600,0,0,No data ,No data ,800,300,0,0,0,2024-10-29,Reportnet 3 submission harvested on 18 November 2024,https://reportnet.europa.eu/public/dataflow/873
Germany,EU27,Augsburg,297052,147,No data ,No data ,200,0,0,0,0,No data ,No data ,0,0,0,0,0,2024-10-29,Reportnet 3 submission harvested on 18 November 2024,https://reportnet.europa.eu/public/dataflow/873
Germany,EU27,Bergisch Gladbach,111600,83,No data ,No data ,0,0,0,0,0,No data ,No data ,0,0,0,0,0,2024-10-29,Reportnet 3 submission harvested on 18 November 2024,https://reportnet.europa.eu/public/dataflow/873
Germany,EU27,Berlin,3606316,892,No data ,No data ,600,100,0,0,0,No data ,No data ,0,0,0,0,0,2024-10-29,Reportnet 3 submission harvested on 18 November 2024,https://reportnet.europa.eu/public/dataflow/873
Germany,EU27,Bielefeld,334002,259,No data ,No data ,100,0,0,0,0,No data ,No data ,0,0,0,0,0,2024-10-29,Reportnet 3 submission harvested on 18 November 2024,https://reportnet.europa.eu/public/dataflow/873
Germany,EU27,Bochum,370146,146,No data ,No data ,600,100,0,0,0,No data ,No data ,0,0,0,0,0,2024-10-29,Reportnet 3 submission harvested on 18 November 2024,https://reportnet.europa.eu/public/dataflow/873
Germany,EU27,Bonn,335975,141,No data ,No data ,300,100,0,0,0,No data ,No data ,200,0,0,0,0,2024-10-29,Reportnet 3 submission harvested on 18 November 2024,https://reportnet.europa.eu/public/dataflow/873
Germany,EU27,Bottrop,117311,101,No data ,No data ,100,0,0,0,0,No data ,No data ,0,0,0,0,0,2024-10-29,Reportnet 3 submission harvested on 18 November 2024,https://reportnet.europa.eu/public/dataflow/873
Germany,EU27,Bremen,561260,318,No data ,No data ,9000,2100,700,600,100,No data ,No data ,7300,1500,800,300,0,2024-10-29,Reportnet 3 submission harvested on 18 November 2024,https://reportnet.europa.eu/public/dataflow/873
Germany,EU27,Bremerhaven,117537,101,No data ,No data ,1200,100,200,0,0,No data ,No data ,200,0,0,0,0,2024-10-29,Reportnet 3 submission harvested on 18 November 2024,https://reportnet.europa.eu/public/dataflow/873
Germany,EU27,Brunswick,250889,193,No data ,No data ,8700,3200,400,0,0,No data ,No data ,200,0,0,0,0,2024-10-29,Reportnet 3 submission harvested on 18 November 2024,https://reportnet.europa.eu/public/dataflow/873
Germany,EU27,Chemnitz,175193,53,Not applicable,Not applicable,Not applicable,Not applicable,Not applicable,Not applicable,Not applicable,Not applicable,Not applicable,Not applicable,Not applicable,Not applicable,Not applicable,Not applicable,Not applicable,Not applicable,Not applicable
Germany,EU27,Cologne,1087583,405,No data ,No data ,1100,200,0,0,0,No data ,No data ,0,0,0,0,0,2024-10-29,Reportnet 3 submission harvested on 18 November 2024,https://reportnet.europa.eu/public/dataflow/873
Germany,EU27,Darmstadt,161874,122,No data ,No data ,1200,1000,700,600,0,No data ,No data ,900,800,1100,200,0,2024-10-29,Reportnet 3 submission harvested on 18 November 2024,https://reportnet.europa.eu/public/dataflow/873
Germany,EU27,Dortmund,609781,281,No data ,No data ,100,0,0,0,0,No data ,No data ,0,0,0,0,0,2024-10-29,Reportnet 3 submission harvested on 18 November 2024,https://reportnet.europa.eu/public/dataflow/873
Germany,EU27,Dresden,534445,186,Not applicable,Not applicable,Not applicable,Not applicable,Not applicable,Not applicable,Not applicable,Not applicable,Not applicable,Not applicable,Not applicable,Not applicable,Not applicable,Not applicable,Not applicable,Not applicable,Not applicable
Germany,EU27,Duesseldorf,644000,217,No data ,No data ,600,0,0,0,0,No data ,No data ,0,0,0,0,0,2024-10-29,Reportnet 3 submission harvested on 18 November 2024,https://reportnet.europa.eu/public/dataflow/873
Germany,EU27,Duisburg,498182,233,No data ,No data ,9800,2200,300,0,0,No data ,No data ,3200,1100,100,0,0,2024-10-29,Reportnet 3 submission harvested on 18 November 2024,https://reportnet.europa.eu/public/dataflow/873
Germany,EU27,Erlangen,114328,77,No data ,No data ,100,0,0,0,0,No data ,No data ,0,0,0,0,0,2024-10-29,Reportnet 3 submission harvested on 18 November 2024,https://reportnet.europa.eu/public/dataflow/873
Germany,EU27,Essen,581980,210,No data ,No data ,100,0,0,0,0,No data ,No data ,0,0,0,0,0,2024-10-29,Reportnet 3 submission harvested on 18 November 2024,https://reportnet.europa.eu/public/dataflow/873
Germany,EU27,Frankfurt on the Main,770112,248,No data ,No data ,700,100,200,0,0,No data ,No data ,200,0,100,0,0,2024-10-29,Reportnet 3 submission harvested on 18 November 2024,https://reportnet.europa.eu/public/dataflow/873
Germany,EU27,Freiburg,230241,153,No data ,No data ,1500,200,100,0,0,No data ,No data ,300,100,0,0,0,2024-10-29,Reportnet 3 submission harvested on 18 November 2024,https://reportnet.europa.eu/public/dataflow/873
Germany,EU27,Fuerth,129882,63,No data ,No data ,200,0,0,0,0,No data ,No data ,0,0,0,0,0,2024-10-29,Reportnet 3 submission harvested on 18 November 2024,https://reportnet.europa.eu/public/dataflow/873
Germany,EU27,Gelsenkirchen,259718,105,No data ,No data ,100,0,0,0,0,No data ,No data ,0,0,0,0,0,2024-10-29,Reportnet 3 submission harvested on 18 November 2024,https://reportnet.europa.eu/public/dataflow/873
Germany,EU27,Goettingen,136065,117,No data ,No data ,400,200,0,0,0,No data ,No data ,0,0,0,0,0,2024-10-29,Reportnet 3 submission harvested on 18 November 2024,https://reportnet.europa.eu/public/dataflow/873
Germany,EU27,Hagen,188501,160,Not applicable,Not applicable,Not applicable,Not applicable,Not applicable,Not applicable,Not applicable,Not applicable,Not applicable,Not applicable,Not applicable,Not applicable,Not applicable,Not applicable,Not applicable,Not applicable,Not applicable
Germany,EU27,Halle,238367,136,No data ,No data ,0,0,0,0,0,No data ,No data ,0,0,0,0,0,2024-10-29,Reportnet 3 submission harvested on 18 November 2024,https://reportnet.europa.eu/public/dataflow/873
Germany,EU27,Hamburg,1853935,755,No data ,No data ,5200,700,100,0,0,No data ,No data ,3400,300,0,0,0,2024-10-29,Reportnet 3 submission harvested on 18 November 2024,https://reportnet.europa.eu/public/dataflow/873
Germany,EU27,Hanau,100307,76,No data ,No data ,800,300,100,0,0,No data ,No data ,700,200,0,0,0,2024-10-29,Reportnet 3 submission harvested on 18 November 2024,https://reportnet.europa.eu/public/dataflow/873
Germany,EU27,Hanover,551001,204,No data ,No data ,1300,400,200,0,0,No data ,No data ,400,400,100,0,0,2024-10-29,Reportnet 3 submission harvested on 18 November 2024,https://reportnet.europa.eu/public/dataflow/873
Germany,EU27,Heidelberg,160355,109,Not applicable,Not applicable,Not applicable,Not applicable,Not applicable,Not applicable,Not applicable,Not applicable,Not applicable,Not applicable,Not applicable,Not applicable,Not applicable,Not applicable,Not applicable,Not applicable,Not applicable
Germany,EU27,Heilbronn,130870,100,No data ,No data ,900,400,200,0,0,No data ,No data ,800,300,100,0,0,2024-10-29,Reportnet 3 submission harvested on 18 November 2024,https://reportnet.europa.eu/public/dataflow/873
Germany,EU27,Herne,161472,51,No data ,No data ,1900,600,0,0,0,No data ,No data ,0,0,0,0,0,2024-10-29,Reportnet 3 submission harvested on 18 November 2024,https://reportnet.europa.eu/public/dataflow/873
Germany,EU27,Hildesheim,104579,92,No data ,No data ,900,100,100,0,0,No data ,No data ,200,100,0,0,0,2024-10-29,Reportnet 3 submission harvested on 18 November 2024,https://reportnet.europa.eu/public/dataflow/873
Germany,EU27,Ingolstadt,138537,133,No data ,No data ,300,200,100,0,0,No data ,No data ,300,100,100,0,0,2024-10-29,Reportnet 3 submission harvested on 18 November 2024,https://reportnet.europa.eu/public/dataflow/873
Germany,EU27,Karlsruhe,313092,173,No data ,No data ,1500,100,0,0,0,No data ,No data ,0,0,0,0,0,2024-10-29,Reportnet 3 submission harvested on 18 November 2024,https://reportnet.europa.eu/public/dataflow/873
Germany,EU27,Kassel,202689,107,No data ,No data ,0,0,0,0,0,No data ,No data ,0,0,0,0,0,2024-10-29,Reportnet 3 submission harvested on 18 November 2024,https://reportnet.europa.eu/public/dataflow/873
Germany,EU27,Kiel,248000,119,No data ,No data ,700,200,100,0,0,No data ,No data ,300,200,100,0,0,2024-10-29,Reportnet 3 submission harvested on 18 November 2024,https://reportnet.europa.eu/public/dataflow/873
Germany,EU27,Koblenz,113161,105,No data ,No data ,200,0,0,0,0,No data ,No data ,0,0,0,0,0,2024-10-29,Reportnet 3 submission harvested on 18 November 2024,https://reportnet.europa.eu/public/dataflow/873
Germany,EU27,Krefeld,227100,138,No data ,No data ,1000,100,0,0,0,No data ,No data ,500,100,0,0,0,2024-10-29,Reportnet 3 submission harvested on 18 November 2024,https://reportnet.europa.eu/public/dataflow/873
Germany,EU27,Leipzig,601866,298,No data ,No data ,300,0,0,0,0,No data ,No data ,0,0,0,0,0,2024-10-29,Reportnet 3 submission harvested on 18 November 2024,https://reportnet.europa.eu/public/dataflow/873
Germany,EU27,Leverkusen,163851,79,No data ,No data ,300,0,0,0,0,No data ,No data ,0,0,0,0,0,2024-10-29,Reportnet 3 submission harvested on 18 November 2024,https://reportnet.europa.eu/public/dataflow/873
Germany,EU27,Ludwigshafen,172145,77,No data ,No data ,500,100,0,0,0,No data ,No data ,300,100,0,0,0,2024-10-29,Reportnet 3 submission harvested on 18 November 2024,https://reportnet.europa.eu/public/dataflow/873
Germany,EU27,Luebeck,216000,214,No data ,No data ,1100,400,100,0,0,No data ,No data ,300,200,0,0,0,2024-10-29,Reportnet 3 submission harvested on 18 November 2024,https://reportnet.europa.eu/public/dataflow/873
Germany,EU27,Magdeburg,237651,202,Not applicable,Not applicable,Not applicable,Not applicable,Not applicable,Not applicable,Not applicable,Not applicable,Not applicable,Not applicable,Not applicable,Not applicable,Not applicable,Not applicable,Not applicable,Not applicable,Not applicable
Germany,EU27,Mainz,216108,98,No data ,No data ,700,200,0,0,0,No data ,No data ,300,100,0,0,0,2024-10-29,Reportnet 3 submission harvested on 18 November 2024,https://reportnet.europa.eu/public/dataflow/873
Germany,EU27,Mannheim,309370,145,No data ,No data ,6800,2600,0,0,0,No data ,No data ,200,0,0,0,0,2024-10-29,Reportnet 3 submission harvested on 18 November 2024,https://reportnet.europa.eu/public/dataflow/873
Germany,EU27,Moenchengladbach,270877,170,No data ,No data ,0,0,0,0,0,No data ,No data ,0,0,0,0,0,2024-10-29,Reportnet 3 submission harvested on 18 November 2024,https://reportnet.europa.eu/public/dataflow/873
Germany,EU27,Moers,103680,68,No data ,No data ,100,0,0,0,0,No data ,No data ,0,0,0,0,0,2024-10-29,Reportnet 3 submission harvested on 18 November 2024,https://reportnet.europa.eu/public/dataflow/873
Germany,EU27,Muelheim on the Ruhr,173255,91,No data ,No data ,0,0,0,0,0,No data ,No data ,0,0,0,0,0,2024-10-29,Reportnet 3 submission harvested on 18 November 2024,https://reportnet.europa.eu/public/dataflow/873
Germany,EU27,Muenster,317000,303,No data ,No data ,0,0,0,0,0,No data ,No data ,0,0,0,0,0,2024-10-29,Reportnet 3 submission harvested on 18 November 2024,https://reportnet.europa.eu/public/dataflow/873
Germany,EU27,Munich,1500962,311,No data ,No data ,500,0,0,0,0,No data ,No data ,0,0,0,0,0,2024-10-29,Reportnet 3 submission harvested on 18 November 2024,https://reportnet.europa.eu/public/dataflow/873
Germany,EU27,Neuss,155163,100,No data ,No data ,1000,500,100,200,0,No data ,No data ,500,100,200,0,0,2024-10-29,Reportnet 3 submission harvested on 18 November 2024,https://reportnet.europa.eu/public/dataflow/873
Germany,EU27,Nuremberg,519850,186,No data ,No data ,200,0,0,0,0,No data ,No data ,0,0,0,0,0,2024-10-29,Reportnet 3 submission harvested on 18 November 2024,https://reportnet.europa.eu/public/dataflow/873
Germany,EU27,Oberhausen,211006,77,No data ,No data ,500,0,0,0,0,No data ,No data ,0,0,0,0,0,2024-10-29,Reportnet 3 submission harvested on 18 November 2024,https://reportnet.europa.eu/public/dataflow/873
Germany,EU27,Offenbach on the Main,133277,45,No data ,No data ,100,0,0,0,0,No data ,No data ,0,0,0,0,0,2024-10-29,Reportnet 3 submission harvested on 18 November 2024,https://reportnet.europa.eu/public/dataflow/873
Germany,EU27,Oldenburg,169605,103,No data ,No data ,0,0,0,0,0,No data ,No data ,0,0,0,0,0,2024-10-29,Reportnet 3 submission harvested on 18 November 2024,https://reportnet.europa.eu/public/dataflow/873
Germany,EU27,Osnabrueck,168286,120,No data ,No data ,0,0,0,0,0,No data ,No data ,0,0,0,0,0,2024-10-29,Reportnet 3 submission harvested on 18 November 2024,https://reportnet.europa.eu/public/dataflow/873
Germany,EU27,Pforzheim,125542,98,No data ,No data ,100,0,0,0,0,No data ,No data ,0,0,0,0,0,2024-10-29,Reportnet 3 submission harvested on 18 November 2024,https://reportnet.europa.eu/public/dataflow/873
Germany,EU27,Potsdam,175710,188,No data ,No data ,400,0,0,0,0,No data ,No data ,0,0,0,0,0,2024-10-29,Reportnet 3 submission harvested on 18 November 2024,https://reportnet.europa.eu/public/dataflow/873
Germany,EU27,Recklinghausen,119435,66,No data ,No data ,0,0,0,0,0,No data ,No data ,0,0,0,0,0,2024-10-29,Reportnet 3 submission harvested on 18 November 2024,https://reportnet.europa.eu/public/dataflow/873
Germany,EU27,Regensburg,154856,81,No data ,No data ,400,100,0,0,0,No data ,No data ,100,0,0,0,0,2024-10-29,Reportnet 3 submission harvested on 18 November 2024,https://reportnet.europa.eu/public/dataflow/873
Germany,EU27,Remscheid,111082,75,No data ,No data ,0,0,0,0,0,No data ,No data ,0,0,0,0,0,2024-10-29,Reportnet 3 submission harvested on 18 November 2024,https://reportnet.europa.eu/public/dataflow/873
Germany,EU27,Reutlingen,115793,87,No data ,No data ,0,0,0,0,0,No data ,No data ,0,0,0,0,0,2024-10-29,Reportnet 3 submission harvested on 18 November 2024,https://reportnet.europa.eu/public/dataflow/873
Germany,EU27,Rostock,208886,169,No data ,No data ,300,0,0,0,0,No data ,No data ,200,0,0,0,0,2024-10-29,Reportnet 3 submission harvested on 18 November 2024,https://reportnet.europa.eu/public/dataflow/873
Germany,EU27,Saarbruecken,183696,168,No data ,No data ,0,0,0,0,0,No data ,No data ,0,0,0,0,0,2024-10-29,Reportnet 3 submission harvested on 18 November 2024,https://reportnet.europa.eu/public/dataflow/873
Germany,EU27,Solingen,159029,90,Not applicable,Not applicable,Not applicable,Not applicable,Not applicable,Not applicable,Not applicable,Not applicable,Not applicable,Not applicable,Not applicable,Not applicable,Not applicable,Not applicable,Not applicable,Not applicable,Not applicable
Germany,EU27,Stuttgart,609668,207,No data ,No data ,500,100,0,0,0,No data ,No data ,100,0,0,0,0,2024-10-29,Reportnet 3 submission harvested on 18 November 2024,https://reportnet.europa.eu/public/dataflow/873
Germany,EU27,Ulm,126329,119,No data ,No data ,100,0,0,0,0,No data ,No data ,300,100,0,0,0,2024-10-29,Reportnet 3 submission harvested on 18 November 2024,https://reportnet.europa.eu/public/dataflow/873
Germany,EU27,Wiesbaden,282903,204,No data ,No data ,500,200,0,0,0,No data ,No data ,400,200,0,0,0,2024-10-29,Reportnet 3 submission harvested on 18 November 2024,https://reportnet.europa.eu/public/dataflow/873
Germany,EU27,Wuerzburg,127459,88,No data ,No data ,0,0,0,0,0,No data ,No data ,0,0,0,0,0,2024-10-29,Reportnet 3 submission harvested on 18 November 2024,https://reportnet.europa.eu/public/dataflow/873
Germany,EU27,Wuppertal,361774,168,No data ,No data ,500,100,0,0,0,No data ,No data ,0,0,0,0,0,2024-10-29,Reportnet 3 submission harvested on 18 November 2024,https://reportnet.europa.eu/public/dataflow/873
Greece,EU27,Athens Center,Information not provided,Information not provided,No data ,No data ,No data ,No data ,No data ,No data ,No data ,No data ,No data ,No data ,No data ,No data ,No data ,No data ,No data ,No data ,No data 
Greece,EU27,Athens North,Information not provided,Information not provided,No data ,No data ,No data ,No data ,No data ,No data ,No data ,No data ,No data ,No data ,No data ,No data ,No data ,No data ,No data ,No data ,No data 
Greece,EU27,Ioannina,Information not provided,Information not provided,No data ,No data ,No data ,No data ,No data ,No data ,No data ,No data ,No data ,No data ,No data ,No data ,No data ,No data ,No data ,No data ,No data 
Greece,EU27,Iraklion,Information not provided,Information not provided,No data ,No data ,No data ,No data ,No data ,No data ,No data ,No data ,No data ,No data ,No data ,No data ,No data ,No data ,No data ,No data ,No data 
Greece,EU27,Larissa,Information not provided,Information not provided,No data ,No data ,No data ,No data ,No data ,No data ,No data ,No data ,No data ,No data ,No data ,No data ,No data ,No data ,No data ,No data ,No data 
Greece,EU27,Patras,Information not provided,Information not provided,No data ,No data ,No data ,No data ,No data ,No data ,No data ,No data ,No data ,No data ,No data ,No data ,No data ,No data ,No data ,No data ,No data 
Greece,EU27,Piraeus,Information not provided,Information not provided,No data ,No data ,No data ,No data ,No data ,No data ,No data ,No data ,No data ,No data ,No data ,No data ,No data ,No data ,No data ,No data ,No data 
Greece,EU27,Thessaloniki,Information not provided,Information not provided,No data ,No data ,No data ,No data ,No data ,No data ,No data ,No data ,No data ,No data ,No data ,No data ,No data ,No data ,No data ,No data ,No data 
Greece,EU27,Volos,Information not provided,Information not provided,No data ,No data ,No data ,No data ,No data ,No data ,No data ,No data ,No data ,No data ,No data ,No data ,No data ,No data ,No data ,No data ,No data 
Hungary,EU27,Budapest,2183579,1130,No data ,No data ,No data ,No data ,No data ,No data ,No data ,No data ,No data ,No data ,No data ,No data ,No data ,No data ,No data ,No data ,No data 
Hungary,EU27,Debrecen,202214,462,No data ,No data ,No data ,No data ,No data ,No data ,No data ,No data ,No data ,No data ,No data ,No data ,No data ,No data ,No data ,No data ,No data 
Hungary,EU27,Gyor,130094,175,No data ,No data ,No data ,No data ,No data ,No data ,No data ,No data ,No data ,No data ,No data ,No data ,No data ,No data ,No data ,No data ,No data 
Hungary,EU27,Kecskemet,110638,323,No data ,No data ,No data ,No data ,No data ,No data ,No data ,No data ,No data ,No data ,No data ,No data ,No data ,No data ,No data ,No data ,No data 
Hungary,EU27,Miskolc,155650,237,No data ,No data ,No data ,No data ,No data ,No data ,No data ,No data ,No data ,No data ,No data ,No data ,No data ,No data ,No data ,No data ,No data 
Hungary,EU27,Nyiregyhaza,117121,275,No data ,No data ,No data ,No data ,No data ,No data ,No data ,No data ,No data ,No data ,No data ,No data ,No data ,No data ,No data ,No data ,No data 
Hungary,EU27,Pecs,144188,163,No data ,No data ,No data ,No data ,No data ,No data ,No data ,No data ,No data ,No data ,No data ,No data ,No data ,No data ,No data ,No data ,No data 
Hungary,EU27,Szeged,161122,281,No data ,No data ,No data ,No data ,No data ,No data ,No data ,No data ,No data ,No data ,No data ,No data ,No data ,No data ,No data ,No data ,No data 
Iceland,EEA32,Akureyri,Information not provided,Information not provided,No data ,No data ,No data ,No data ,No data ,No data ,No data ,No data ,No data ,No data ,No data ,No data ,No data ,No data ,No data ,No data ,No data 
Iceland,EEA32,Gardabaer,Information not provided,Information not provided,No data ,No data ,No data ,No data ,No data ,No data ,No data ,No data ,No data ,No data ,No data ,No data ,No data ,No data ,No data ,No data ,No data 
Iceland,EEA32,Hafnafjordur,Information not provided,Information not provided,No data ,No data ,No data ,No data ,No data ,No data ,No data ,No data ,No data ,No data ,No data ,No data ,No data ,No data ,No data ,No data ,No data 
Iceland,EEA32,Kopavogur,Information not provided,Information not provided,No data ,No data ,No data ,No data ,No data ,No data ,No data ,No data ,No data ,No data ,No data ,No data ,No data ,No data ,No data ,No data ,No data 
Iceland,EEA32,Mosfellsbaer,Information not provided,Information not provided,No data ,No data ,No data ,No data ,No data ,No data ,No data ,No data ,No data ,No data ,No data ,No data ,No data ,No data ,No data ,No data ,No data 
Iceland,EEA32,Reykjanesbaer,Information not provided,Information not provided,No data ,No data ,No data ,No data ,No data ,No data ,No data ,No data ,No data ,No data ,No data ,No data ,No data ,No data ,No data ,No data ,No data 
Iceland,EEA32,Reykjavik,Information not provided,Information not provided,No data ,No data ,No data ,No data ,No data ,No data ,No data ,No data ,No data ,No data ,No data ,No data ,No data ,No data ,No data ,No data ,No data 
Iceland,EEA32,Selfoss,Information not provided,Information not provided,No data ,No data ,No data ,No data ,No data ,No data ,No data ,No data ,No data ,No data ,No data ,No data ,No data ,No data ,No data ,No data ,No data 
Iceland,EEA32,Seltjarnarnes,Information not provided,Information not provided,No data ,No data ,No data ,No data ,No data ,No data ,No data ,No data ,No data ,No data ,No data ,No data ,No data ,No data ,No data ,No data ,No data 
Ireland,EU27,Cork,272400,241,No data ,No data ,1900,600,200,0,0,No data ,No data ,1600,500,100,0,0,2023-09-12,Reportnet 3 submission harvested on 16 April 2024,https://reportnet.europa.eu/public/dataflow/873
Ireland,EU27,Dublin,1566538,959.89,No data ,No data ,1700,400,100,0,0,No data ,No data ,1100,300,0,0,0,2023-09-12,Reportnet 3 submission harvested on 16 April 2024,https://reportnet.europa.eu/public/dataflow/873
Ireland,EU27,Limerick,122596,115.67,No data ,No data ,0,0,0,0,0,No data ,No data ,0,0,0,0,0,2023-09-12,Reportnet 3 submission harvested on 16 April 2024,https://reportnet.europa.eu/public/dataflow/873
Italy,EU27,Bari,316227,116.256,1600,800,300,100,0,0,0,1000,500,100,0,0,0,0,2024-09-20,Reportnet 3 submission harvested on 18 November 2024,https://reportnet.europa.eu/public/dataflow/873
Italy,EU27,Bologna,488742,274.443,Not applicable,Not applicable,Not applicable,Not applicable,Not applicable,Not applicable,Not applicable,Not applicable,Not applicable,Not applicable,Not applicable,Not applicable,Not applicable,Not applicable,Not applicable,Not applicable,Not applicable
Italy,EU27,Bolzano,107879,52.34,No data ,No data ,400,600,0,0,0,No data ,No data ,700,100,0,0,0,2024-09-20,Reportnet 3 submission harvested on 18 November 2024,https://reportnet.europa.eu/public/dataflow/873
Italy,EU27,Brescia,196700,90,No data ,No data ,2000,500,0,0,0,No data ,No data ,1700,200,0,0,0,2024-09-20,Reportnet 3 submission harvested on 18 November 2024,https://reportnet.europa.eu/public/dataflow/873
Italy,EU27,Cagliari,342810,224.903,No data ,No data ,200,0,0,0,0,No data ,No data ,200,0,0,0,0,2024-09-20,Reportnet 3 submission harvested on 18 November 2024,https://reportnet.europa.eu/public/dataflow/873
Italy,EU27,Catania,314125,180,No data ,1100,300,0,0,0,0,No data ,No data ,0,0,0,0,0,2024-09-20,Reportnet 3 submission harvested on 18 November 2024,https://reportnet.europa.eu/public/dataflow/873
Italy,EU27,Ferrara,134914,405.154,No data ,134600,300,0,0,0,0,No data ,134700,200,0,0,0,0,2024-09-20,Reportnet 3 submission harvested on 18 November 2024,https://reportnet.europa.eu/public/dataflow/873
Italy,EU27,Florence,359755,102.32,2100,1700,800,400,0,0,0,2200,1400,800,200,0,0,0,2024-09-20,Reportnet 3 submission harvested on 18 November 2024,https://reportnet.europa.eu/public/dataflow/873
Italy,EU27,Foggia,146406,505.884,200,100,100,0,0,0,0,200,100,0,0,0,0,0,2024-09-20,Reportnet 3 submission harvested on 18 November 2024,https://reportnet.europa.eu/public/dataflow/873
Italy,EU27,Forli,117479,228.19,100,0,0,0,0,0,0,100,0,0,0,0,0,0,2024-09-20,Reportnet 3 submission harvested on 18 November 2024,https://reportnet.europa.eu/public/dataflow/873
Italy,EU27,Genoa,583601,237,No data ,No data ,7200,6300,2600,1400,300,No data ,No data ,5000,2600,1300,100,0,2024-09-20,Reportnet 3 submission harvested on 18 November 2024,https://reportnet.europa.eu/public/dataflow/873
Italy,EU27,Latina,127861,277.243,No data ,No data ,600,500,1000,700,0,No data ,No data ,900,400,0,0,0,2024-09-20,Reportnet 3 submission harvested on 18 November 2024,https://reportnet.europa.eu/public/dataflow/873
Italy,EU27,Livorno,143683,105,1500,1000,500,200,0,0,0,1300,900,400,200,0,0,0,2024-09-20,Reportnet 3 submission harvested on 18 November 2024,https://reportnet.europa.eu/public/dataflow/873
Italy,EU27,Messina,220094,213.75,No data ,No data ,2100,1500,700,400,0,No data ,No data ,1800,1500,900,100,0,2024-09-20,Reportnet 3 submission harvested on 18 November 2024,https://reportnet.europa.eu/public/dataflow/873
Italy,EU27,Milan-Monza,2312197,481,6600,2600,1200,300,100,800,200,2200,800,300,100,300,100,100,2024-09-20,Reportnet 3 submission harvested on 18 November 2024,https://reportnet.europa.eu/public/dataflow/873
Italy,EU27,Modena,187977,183.17,4500,2400,1300,2900,100,0,0,3900,2100,2500,1400,0,0,0,2024-09-20,Reportnet 3 submission harvested on 18 November 2024,https://reportnet.europa.eu/public/dataflow/873
Italy,EU27,Naples,940940,118.616,14300,8100,4800,1700,300,100,0,11700,7100,3800,1300,200,0,0,2024-09-20,Reportnet 3 submission harvested on 18 November 2024,https://reportnet.europa.eu/public/dataflow/873
Italy,EU27,Padua,196326,93,100,0,0,0,0,0,0,100,0,0,0,0,0,0,2024-09-20,Reportnet 3 submission harvested on 18 November 2024,https://reportnet.europa.eu/public/dataflow/873
Italy,EU27,Palermo,640720,78.69,No data ,No data ,No data ,No data ,No data ,No data ,No data ,No data ,No data ,No data ,No data ,No data ,No data ,No data ,No data ,No data ,No data 
Italy,EU27,Parma,200218,260.6,1800,500,100,0,0,0,0,1500,400,0,0,0,0,0,2024-09-20,Reportnet 3 submission harvested on 18 November 2024,https://reportnet.europa.eu/public/dataflow/873
Italy,EU27,Perugia,164057,449.61,500,100,0,0,0,0,0,100,0,0,0,0,0,0,2024-09-20,Reportnet 3 submission harvested on 18 November 2024,https://reportnet.europa.eu/public/dataflow/873
Italy,EU27,Pescara,119445,34.38,No data ,No data ,100,300,400,200,200,No data ,No data ,200,300,300,100,200,2024-09-20,Reportnet 3 submission harvested on 18 November 2024,https://reportnet.europa.eu/public/dataflow/873
Italy,EU27,Piacenza,102731,118.46,Not applicable,Not applicable,Not applicable,Not applicable,Not applicable,Not applicable,Not applicable,Not applicable,Not applicable,Not applicable,Not applicable,Not applicable,Not applicable,Not applicable,Not applicable,Not applicable,Not applicable
Italy,EU27,Prato,200647,97.6,No data ,No data ,400,200,0,0,0,No data ,No data ,500,0,0,0,0,2024-09-20,Reportnet 3 submission harvested on 18 November 2024,https://reportnet.europa.eu/public/dataflow/873
Italy,EU27,Ravenna,160509,654.185,No data ,160300,200,100,0,0,0,No data ,160400,100,0,0,0,0,2024-09-20,Reportnet 3 submission harvested on 18 November 2024,https://reportnet.europa.eu/public/dataflow/873
Italy,EU27,Reggio Emilia,169029,231.6,Not applicable,Not applicable,Not applicable,Not applicable,Not applicable,Not applicable,Not applicable,Not applicable,Not applicable,Not applicable,Not applicable,Not applicable,Not applicable,Not applicable,Not applicable,Not applicable,Not applicable
Italy,EU27,Rimini,148688,135.79,700,200,100,0,0,0,0,600,200,100,0,0,0,0,2024-09-20,Reportnet 3 submission harvested on 18 November 2024,https://reportnet.europa.eu/public/dataflow/873
Italy,EU27,Rome,2783809,1287.372,3200,2200,1300,500,200,0,0,2500,2100,1100,500,100,0,0,2024-09-20,Reportnet 3 submission harvested on 18 November 2024,https://reportnet.europa.eu/public/dataflow/873
Italy,EU27,Sassari,111600,69.4,No data ,No data ,600,200,500,400,0,No data ,No data ,100,500,300,0,0,2024-09-20,Reportnet 3 submission harvested on 18 November 2024,https://reportnet.europa.eu/public/dataflow/873
Italy,EU27,Taranto,189218,247.026,300,300,0,0,0,0,0,400,300,0,0,0,0,0,2024-09-20,Reportnet 3 submission harvested on 18 November 2024,https://reportnet.europa.eu/public/dataflow/873
Italy,EU27,Terni,110940,211.8,No data ,No data ,5900,6100,4400,2700,900,No data ,No data ,6600,5100,3500,2800,500,2024-09-20,Reportnet 3 submission harvested on 18 November 2024,https://reportnet.europa.eu/public/dataflow/873
Italy,EU27,Trieste,196908,84.9,400,200,100,0,0,0,0,300,100,0,0,0,0,0,2024-09-20,Reportnet 3 submission harvested on 18 November 2024,https://reportnet.europa.eu/public/dataflow/873
Italy,EU27,Turin,1334575,249.44,Not applicable,Not applicable,Not applicable,Not applicable,Not applicable,Not applicable,Not applicable,Not applicable,Not applicable,Not applicable,Not applicable,Not applicable,Not applicable,Not applicable,Not applicable,Not applicable,Not applicable
Italy,EU27,Venice,255609,415.89,2800,1800,900,300,100,0,0,2600,1700,700,300,0,0,0,2024-09-20,Reportnet 3 submission harvested on 18 November 2024,https://reportnet.europa.eu/public/dataflow/873
Italy,EU27,Verona,258500,198.92,No data ,No data ,600,600,300,0,0,No data ,No data ,700,600,100,0,0,2024-09-20,Reportnet 3 submission harvested on 18 November 2024,https://reportnet.europa.eu/public/dataflow/873
Latvia,EU27,Riga,614618,307.2,34200,18900,7100,3000,300,0,0,31200,16400,6200,2200,200,0,0,2023-07-11,Reportnet 3 submission harvested on 16 April 2024,https://reportnet.europa.eu/public/dataflow/873
Liechtenstein,EEA32,Information not provided,Information not provided,Information not provided,No data ,No data ,No data ,No data ,No data ,No data ,No data ,No data ,No data ,No data ,No data ,No data ,No data ,No data ,No data ,No data ,No data 
Lithuania,EU27,Kaunas,298753,156.9478521,4400,1800,700,200,0,0,0,3500,1600,500,100,0,0,0,2024-03-13,Reportnet 3 submission harvested on 16 April 2024,https://reportnet.europa.eu/public/dataflow/873
Lithuania,EU27,Siauliai,109636,81,700,100,0,0,0,0,0,0,0,0,0,0,0,0,2024-03-13,Reportnet 3 submission harvested on 16 April 2024,https://reportnet.europa.eu/public/dataflow/873
Lithuania,EU27,Vilnius,578801,400.55,0,0,0,0,0,0,0,0,0,0,0,0,0,0,2024-03-13,Reportnet 3 submission harvested on 16 April 2024,https://reportnet.europa.eu/public/dataflow/873
Luxembourg,EU27,Luxembourg,200667,226.94,No data ,No data ,0,0,0,0,0,No data ,No data ,0,0,0,0,0,2024-09-13,Reportnet 3 submission harvested on 18 November 2024,https://reportnet.europa.eu/public/dataflow/873
Luxembourg,EU27,Luxembourg_south,180449,200.8,No data ,No data ,8600,2500,300,0,0,No data ,No data ,7200,1500,0,0,0,2024-09-13,Reportnet 3 submission harvested on 18 November 2024,https://reportnet.europa.eu/public/dataflow/873
Malta,EU27,Valletta,339361,54.333,No data ,No data ,0,0,0,0,0,No data ,No data ,0,0,0,0,0,2024-04-04,Reportnet 3 submission harvested on 16 April 2024,https://reportnet.europa.eu/public/dataflow/873
Netherlands,EU27,Alkmaar,249472,323.61,No data ,No data ,200,0,0,0,0,No data ,No data ,0,0,0,0,0,2024-03-21,Reportnet 3 submission harvested on 16 April 2024,https://reportnet.europa.eu/public/dataflow/873
Netherlands,EU27,Almere,213006,248.77,No data ,No data ,No data ,No data ,No data ,No data ,No data ,No data ,No data ,No data ,No data ,No data ,No data ,No data ,No data ,No data ,No data 
Netherlands,EU27,Amersfoort,157327,63.86,No data ,No data ,200,0,0,0,0,No data ,No data ,100,0,0,0,0,2024-03-21,Reportnet 3 submission harvested on 16 April 2024,https://reportnet.europa.eu/public/dataflow/873
Netherlands,EU27,Amsterdam,2636524,890.52,No data ,No data ,12800,800,100,0,0,No data ,No data ,1500,100,0,0,0,2024-03-21,Reportnet 3 submission harvested on 16 April 2024,https://reportnet.europa.eu/public/dataflow/873
Netherlands,EU27,Apeldoorn,163980,341.15,No data ,No data ,100,100,0,0,0,No data ,No data ,0,0,0,0,0,2024-03-21,Reportnet 3 submission harvested on 16 April 2024,https://reportnet.europa.eu/public/dataflow/873
Netherlands,EU27,Arnhem,161852,101.54,No data ,No data ,0,0,0,0,0,No data ,No data ,0,0,0,0,0,2024-03-21,Reportnet 3 submission harvested on 16 April 2024,https://reportnet.europa.eu/public/dataflow/873
Netherlands,EU27,Breda,184068,128.68,No data ,No data ,0,0,0,0,0,No data ,No data ,0,0,0,0,0,2024-03-21,Reportnet 3 submission harvested on 16 April 2024,https://reportnet.europa.eu/public/dataflow/873
Netherlands,EU27,Eindhoven,465719,275.98,No data ,No data ,6500,0,0,0,0,No data ,No data ,0,0,0,0,0,2024-03-21,Reportnet 3 submission harvested on 16 April 2024,https://reportnet.europa.eu/public/dataflow/873
Netherlands,EU27,Enschede,313651,273.96,No data ,No data ,400,0,0,0,0,No data ,No data ,0,0,0,0,0,2024-03-21,Reportnet 3 submission harvested on 16 April 2024,https://reportnet.europa.eu/public/dataflow/873
Netherlands,EU27,Gouda,215066,180.01,No data ,No data ,400,0,0,0,0,No data ,No data ,0,0,0,0,0,2024-03-21,Reportnet 3 submission harvested on 16 April 2024,https://reportnet.europa.eu/public/dataflow/873
Netherlands,EU27,Groningen,232369,197.96,No data ,No data ,700,100,0,0,0,No data ,No data ,400,100,0,0,0,2024-03-21,Reportnet 3 submission harvested on 16 April 2024,https://reportnet.europa.eu/public/dataflow/873
Netherlands,EU27,Heerlen,245921,219.7,No data ,No data ,200,0,0,0,0,No data ,No data ,0,0,0,0,0,2024-03-21,Reportnet 3 submission harvested on 16 April 2024,https://reportnet.europa.eu/public/dataflow/873
Netherlands,EU27,Hilversum,233128,197.02,No data ,No data ,100,0,0,0,0,No data ,No data ,0,0,0,0,0,2024-03-21,Reportnet 3 submission harvested on 16 April 2024,https://reportnet.europa.eu/public/dataflow/873
Netherlands,EU27,Maastricht,120697,60.12,No data ,No data ,No data ,No data ,No data ,No data ,No data ,No data ,No data ,No data ,No data ,No data ,No data ,No data ,No data ,No data ,No data 
Netherlands,EU27,Nijmegen,177233,57.63,No data ,No data ,900,300,0,0,0,No data ,No data ,600,0,0,0,0,2024-03-21,Reportnet 3 submission harvested on 16 April 2024,https://reportnet.europa.eu/public/dataflow/873
Netherlands,EU27,Rotterdam,1363320,709.71,No data ,No data ,24500,3700,300,0,0,No data ,No data ,13600,1300,0,0,0,2024-03-21,Reportnet 3 submission harvested on 16 April 2024,https://reportnet.europa.eu/public/dataflow/873
Netherlands,EU27,s Hertogenbosch,155301,117.81,No data ,No data ,100,0,0,0,0,No data ,No data ,0,0,0,0,0,2024-03-21,Reportnet 3 submission harvested on 16 April 2024,https://reportnet.europa.eu/public/dataflow/873
Netherlands,EU27,The Hague,1384824,536.71,No data ,No data ,3400,900,200,100,0,No data ,No data ,1500,500,200,0,0,2024-03-21,Reportnet 3 submission harvested on 16 April 2024,https://reportnet.europa.eu/public/dataflow/873
Netherlands,EU27,Tilburg,219843,118.13,No data ,No data ,No data ,No data ,No data ,No data ,No data ,No data ,No data ,No data ,No data ,No data ,No data ,No data ,No data ,No data ,No data 
Netherlands,EU27,Utrecht,571209,312.34,No data ,No data ,1000,0,0,0,0,No data ,No data ,0,0,0,0,0,2024-03-21,Reportnet 3 submission harvested on 16 April 2024,https://reportnet.europa.eu/public/dataflow/873
Netherlands,EU27,Zwolle,129029,119.36,No data ,No data ,0,0,0,0,0,No data ,No data ,0,0,0,0,0,2024-03-21,Reportnet 3 submission harvested on 16 April 2024,https://reportnet.europa.eu/public/dataflow/873
Norway,EEA32,Bergen,283929,464.6704477,No data ,No data ,No data ,No data ,No data ,No data ,No data ,No data ,No data ,No data ,No data ,No data ,No data ,No data ,No data ,No data ,No data 
Norway,EEA32,Drammen,101386,316.7731971,No data ,No data ,No data ,No data ,No data ,No data ,No data ,No data ,No data ,No data ,No data ,No data ,No data ,No data ,No data ,No data ,No data 
Norway,EEA32,Fredrikstad/Sarpsborg,139117,690.9931843,No data ,No data ,No data ,No data ,No data ,No data ,No data ,No data ,No data ,No data ,No data ,No data ,No data ,No data ,No data ,No data ,No data 
Norway,EEA32,Oslo,1120927,1823.997271,No data ,No data ,No data ,No data ,No data ,No data ,No data ,No data ,No data ,No data ,No data ,No data ,No data ,No data ,No data ,No data ,No data 
Norway,EEA32,Stavanger/Sandnes,261485,1393.976429,No data ,No data ,No data ,No data ,No data ,No data ,No data ,No data ,No data ,No data ,No data ,No data ,No data ,No data ,No data ,No data ,No data 
Norway,EEA32,Trondheim,205163,528.538168,No data ,No data ,No data ,No data ,No data ,No data ,No data ,No data ,No data ,No data ,No data ,No data ,No data ,No data ,No data ,No data ,No data 
Poland,EU27,Bialystok,296401,102.1,4900,1800,100,0,0,0,0,1800,100,0,0,0,0,0,2024-10-30,Reportnet 3 submission harvested on 18 November 2024,https://reportnet.europa.eu/public/dataflow/873
Poland,EU27,Bielsko-Biała,169756,124.48,No data ,No data ,0,0,0,0,0,No data ,No data ,0,0,0,0,0,2024-10-30,Reportnet 3 submission harvested on 18 November 2024,https://reportnet.europa.eu/public/dataflow/873
Poland,EU27,Bydgoszcz,344091,175.96,No data ,No data ,100,100,0,0,0,No data ,No data ,100,0,0,0,0,2024-10-30,Reportnet 3 submission harvested on 18 November 2024,https://reportnet.europa.eu/public/dataflow/873
Poland,EU27,Bytom,162250,69.44,No data ,300,0,0,0,0,0,800,0,0,0,0,0,0,2024-10-30,Reportnet 3 submission harvested on 18 November 2024,https://reportnet.europa.eu/public/dataflow/873
Poland,EU27,Chorzow,106846,33.32,No data ,No data ,100,0,0,0,0,No data ,No data ,100,0,0,0,0,2024-10-30,Reportnet 3 submission harvested on 18 November 2024,https://reportnet.europa.eu/public/dataflow/873
Poland,EU27,Czestochowa,205893,159.72,No data ,No data ,0,0,0,0,0,No data ,No data ,0,0,0,0,0,2024-10-30,Reportnet 3 submission harvested on 18 November 2024,https://reportnet.europa.eu/public/dataflow/873
Poland,EU27,Dabrowa Gornicza,117650,188.47,200,300,0,0,0,0,0,1400,No data ,300,0,0,0,0,2024-10-30,Reportnet 3 submission harvested on 18 November 2024,https://reportnet.europa.eu/public/dataflow/873
Poland,EU27,Elblag,108177,79.82,No data ,No data ,100,0,0,0,0,No data ,No data ,0,100,0,0,0,2024-10-30,Reportnet 3 submission harvested on 18 November 2024,https://reportnet.europa.eu/public/dataflow/873
Poland,EU27,Gdansk,470621,265.93,No data ,No data ,1000,100,0,0,0,No data ,No data ,300,0,0,0,0,2024-10-30,Reportnet 3 submission harvested on 18 November 2024,https://reportnet.europa.eu/public/dataflow/873
Poland,EU27,Gdynia,243918,135.16,No data ,No data ,400,0,0,0,0,No data ,No data ,100,0,0,0,0,2024-10-30,Reportnet 3 submission harvested on 18 November 2024,https://reportnet.europa.eu/public/dataflow/873
Poland,EU27,Gliwice,160503,133.88,No data ,No data ,100,0,0,0,0,No data ,No data ,0,0,0,0,0,2024-10-30,Reportnet 3 submission harvested on 18 November 2024,https://reportnet.europa.eu/public/dataflow/873
Poland,EU27,Gorzow Wielkopolski,121714,85.7,No data ,700,200,0,0,0,0,No data ,No data ,0,0,0,0,0,2024-10-30,Reportnet 3 submission harvested on 18 November 2024,https://reportnet.europa.eu/public/dataflow/873
Poland,EU27,Katowice,269367,164.52,No data ,No data ,500,0,0,0,0,No data ,No data ,300,0,0,0,0,2024-10-30,Reportnet 3 submission harvested on 18 November 2024,https://reportnet.europa.eu/public/dataflow/873
Poland,EU27,Kielce,192468,109.7,No data ,1300,400,200,0,0,0,No data ,No data ,300,200,0,0,0,2024-10-30,Reportnet 3 submission harvested on 18 November 2024,https://reportnet.europa.eu/public/dataflow/873
Poland,EU27,Krakow,706065,326.86,No data ,No data ,300,100,0,0,0,No data ,No data ,0,0,0,0,0,2024-10-30,Reportnet 3 submission harvested on 18 November 2024,https://reportnet.europa.eu/public/dataflow/873
Poland,EU27,Lodz,614427,293.25,No data ,No data ,700,100,0,0,0,No data ,No data ,1000,200,0,0,0,2024-10-30,Reportnet 3 submission harvested on 18 November 2024,https://reportnet.europa.eu/public/dataflow/873
Poland,EU27,Lublin,336339,147.5,3900,200,0,0,0,0,0,1600,0,0,0,0,0,0,2024-10-30,Reportnet 3 submission harvested on 18 November 2024,https://reportnet.europa.eu/public/dataflow/873
Poland,EU27,Olsztyn,170622,88.3,500,400,0,0,0,0,0,400,0,0,0,0,0,0,2024-10-30,Reportnet 3 submission harvested on 18 November 2024,https://reportnet.europa.eu/public/dataflow/873
Poland,EU27,Opole,122567,149.03,No data ,No data ,100,0,0,0,0,No data ,No data ,0,0,0,0,0,2024-10-30,Reportnet 3 submission harvested on 18 November 2024,https://reportnet.europa.eu/public/dataflow/873
Poland,EU27,Plock,112687,88.05,No data ,No data ,0,0,0,0,0,No data ,No data ,0,0,0,0,0,2024-10-30,Reportnet 3 submission harvested on 18 November 2024,https://reportnet.europa.eu/public/dataflow/873
Poland,EU27,Poznan,530741,261.92,No data ,No data ,100,0,0,0,0,No data ,No data ,100,0,0,0,0,2024-10-30,Reportnet 3 submission harvested on 18 November 2024,https://reportnet.europa.eu/public/dataflow/873
Poland,EU27,Radom,193016,111.8,No data ,No data ,100,0,0,0,0,No data ,No data ,0,0,0,0,0,2024-10-30,Reportnet 3 submission harvested on 18 November 2024,https://reportnet.europa.eu/public/dataflow/873
Poland,EU27,Ruda Slaska,135695,77.73,No data ,No data ,200,0,0,0,0,No data ,No data ,200,0,0,0,0,2024-10-30,Reportnet 3 submission harvested on 18 November 2024,https://reportnet.europa.eu/public/dataflow/873
Poland,EU27,Rybnik,127768,148.26,No data ,No data ,0,0,0,0,0,No data ,No data ,0,0,0,0,0,2024-10-30,Reportnet 3 submission harvested on 18 November 2024,https://reportnet.europa.eu/public/dataflow/873
Poland,EU27,Rzeszow,193829,129.01,No data ,No data ,0,0,0,0,0,No data ,No data ,0,0,0,0,0,2024-10-30,Reportnet 3 submission harvested on 18 November 2024,https://reportnet.europa.eu/public/dataflow/873
Poland,EU27,Sosnowiec,181532,91.17,No data ,No data ,0,0,0,0,0,No data ,No data ,0,0,0,0,0,2024-10-30,Reportnet 3 submission harvested on 18 November 2024,https://reportnet.europa.eu/public/dataflow/873
Poland,EU27,Szczecin,398255,300.61,No data ,No data ,1800,500,200,100,0,No data ,No data ,1700,500,100,100,0,2024-10-30,Reportnet 3 submission harvested on 18 November 2024,https://reportnet.europa.eu/public/dataflow/873
Poland,EU27,Tarnow,107045,72.38,No data ,No data ,0,0,0,0,0,No data ,No data ,0,0,0,0,0,2024-10-30,Reportnet 3 submission harvested on 18 November 2024,https://reportnet.europa.eu/public/dataflow/873
Poland,EU27,Torun,199469,115.7,4700,1300,200,100,0,0,0,900,100,200,0,0,0,0,2024-10-30,Reportnet 3 submission harvested on 18 November 2024,https://reportnet.europa.eu/public/dataflow/873
Poland,EU27,Tychy,126871,81.81,No data ,No data ,100,0,0,0,0,No data ,No data ,100,0,0,0,0,2024-10-30,Reportnet 3 submission harvested on 18 November 2024,https://reportnet.europa.eu/public/dataflow/873
Poland,EU27,Walbrzych,108222,84.68,No data ,No data ,200,0,0,0,0,No data ,No data ,0,0,0,0,0,2024-10-30,Reportnet 3 submission harvested on 18 November 2024,https://reportnet.europa.eu/public/dataflow/873
Poland,EU27,Warsaw,1663587,517.2,No data ,No data ,0,0,0,0,0,No data ,No data ,0,0,0,0,0,2024-10-30,Reportnet 3 submission harvested on 18 November 2024,https://reportnet.europa.eu/public/dataflow/873
Poland,EU27,Wloclawek,99100,85.09,No data ,No data ,0,0,0,0,0,No data ,No data ,0,0,0,0,0,2024-10-30,Reportnet 3 submission harvested on 18 November 2024,https://reportnet.europa.eu/public/dataflow/873
Poland,EU27,Wroclaw,606939,292.79,No data ,No data ,1800,700,100,0,0,No data ,No data ,900,500,100,0,0,2024-10-30,Reportnet 3 submission harvested on 18 November 2024,https://reportnet.europa.eu/public/dataflow/873
Poland,EU27,Zabrze,169831,80.4,No data ,900,500,0,0,0,0,1900,800,200,0,0,0,0,2024-10-30,Reportnet 3 submission harvested on 18 November 2024,https://reportnet.europa.eu/public/dataflow/873
Poland,EU27,Zielona Gora,134385,278.28,No data ,No data ,0,0,0,0,0,No data ,No data ,0,0,0,0,0,2024-10-30,Reportnet 3 submission harvested on 18 November 2024,https://reportnet.europa.eu/public/dataflow/873
Portugal,EU27,Amadora,171500,23.78,Not applicable,Not applicable,Not applicable,Not applicable,Not applicable,Not applicable,Not applicable,Not applicable,Not applicable,Not applicable,Not applicable,Not applicable,Not applicable,Not applicable,Not applicable,Not applicable,Not applicable
Portugal,EU27,Lisbon,545923,84.34,Not applicable,Not applicable,Not applicable,Not applicable,Not applicable,Not applicable,Not applicable,Not applicable,Not applicable,Not applicable,Not applicable,Not applicable,Not applicable,Not applicable,Not applicable,Not applicable,Not applicable
Portugal,EU27,Matosinhos,172586,62.42,4900,2500,1200,400,100,0,0,4600,2000,1000,400,100,0,0,2024-03-03,Reportnet 3 submission harvested on 16 April 2024,https://reportnet.europa.eu/public/dataflow/873
Portugal,EU27,Odivelas,148058,26.54,Not applicable,Not applicable,Not applicable,Not applicable,Not applicable,Not applicable,Not applicable,Not applicable,Not applicable,Not applicable,Not applicable,Not applicable,Not applicable,Not applicable,Not applicable,Not applicable,Not applicable
Portugal,EU27,Oeiras,171767,45.87,Not applicable,Not applicable,Not applicable,Not applicable,Not applicable,Not applicable,Not applicable,Not applicable,Not applicable,Not applicable,Not applicable,Not applicable,Not applicable,Not applicable,Not applicable,Not applicable,Not applicable
Portugal,EU27,Porto,237593,41.42,Not applicable,Not applicable,Not applicable,Not applicable,Not applicable,Not applicable,Not applicable,Not applicable,Not applicable,Not applicable,Not applicable,Not applicable,Not applicable,Not applicable,Not applicable,Not applicable,Not applicable
Romania,EU27,Arad,145078,239,No data ,No data ,No data ,No data ,No data ,No data ,No data ,No data ,No data ,No data ,No data ,No data ,No data ,No data ,No data ,No data ,No data 
Romania,EU27,Bacau,136087,43,No data ,No data ,0,0,0,0,0,No data ,No data ,0,0,0,0,0,2024-11-07,Reportnet 3 submission harvested on 18 November 2024,https://reportnet.europa.eu/public/dataflow/873
Romania,EU27,Baia Mare,108759,234,No data ,No data ,No data ,No data ,No data ,No data ,No data ,No data ,No data ,No data ,No data ,No data ,No data ,No data ,No data ,No data ,No data 
Romania,EU27,Botosani,90010,41,No data ,No data ,No data ,No data ,No data ,No data ,No data ,No data ,No data ,No data ,No data ,No data ,No data ,No data ,No data ,No data ,No data 
Romania,EU27,Braila,154686,45,No data ,No data ,No data ,No data ,No data ,No data ,No data ,No data ,No data ,No data ,No data ,No data ,No data ,No data ,No data ,No data ,No data 
Romania,EU27,Brasov,237589,187,No data ,No data ,No data ,No data ,No data ,No data ,No data ,No data ,No data ,No data ,No data ,No data ,No data ,No data ,No data ,No data ,No data 
Romania,EU27,Bucharest,2161347,240,No data ,No data ,2200,1000,0,0,0,No data ,No data ,1800,800,0,0,0,2024-11-07,Reportnet 3 submission harvested on 18 November 2024,https://reportnet.europa.eu/public/dataflow/873
Romania,EU27,Buzau,103481,82,No data ,No data ,No data ,No data ,No data ,No data ,No data ,No data ,No data ,No data ,No data ,No data ,No data ,No data ,No data ,No data ,No data 
Romania,EU27,Cluj-Napoca,286598,175,No data ,No data ,No data ,No data ,No data ,No data ,No data ,No data ,No data ,No data ,No data ,No data ,No data ,No data ,No data ,No data ,No data 
Romania,EU27,Constanta,263688,125,No data ,No data ,No data ,No data ,No data ,No data ,No data ,No data ,No data ,No data ,No data ,No data ,No data ,No data ,No data ,No data ,No data 
Romania,EU27,Craiova,234140,84,No data ,No data ,200,0,0,0,0,No data ,No data ,100,0,0,0,0,2024-11-07,Reportnet 3 submission harvested on 18 November 2024,https://reportnet.europa.eu/public/dataflow/873
Romania,EU27,Drobeta-Turnu Severin,79865,60,No data ,No data ,No data ,No data ,No data ,No data ,No data ,No data ,No data ,No data ,No data ,No data ,No data ,No data ,No data ,No data ,No data 
Romania,EU27,Galati,217851,244,No data ,No data ,No data ,No data ,No data ,No data ,No data ,No data ,No data ,No data ,No data ,No data ,No data ,No data ,No data ,No data ,No data 
Romania,EU27,Iasi,271692,91,No data ,No data ,100,100,0,0,0,No data ,No data ,100,100,0,0,0,2024-11-07,Reportnet 3 submission harvested on 18 November 2024,https://reportnet.europa.eu/public/dataflow/873
Romania,EU27,Oradea,183105,115,No data ,No data ,No data ,No data ,No data ,No data ,No data ,No data ,No data ,No data ,No data ,No data ,No data ,No data ,No data ,No data ,No data 
Romania,EU27,Piatra-Neamt,79679,77,No data ,No data ,No data ,No data ,No data ,No data ,No data ,No data ,No data ,No data ,No data ,No data ,No data ,No data ,No data ,No data ,No data 
Romania,EU27,Pitesti,141275,41,No data ,No data ,No data ,No data ,No data ,No data ,No data ,No data ,No data ,No data ,No data ,No data ,No data ,No data ,No data ,No data ,No data 
Romania,EU27,Ploiesti,180540,58,No data ,No data ,No data ,No data ,No data ,No data ,No data ,No data ,No data ,No data ,No data ,No data ,No data ,No data ,No data ,No data ,No data 
Romania,EU27,Ramnicu Valcea,93151,85,No data ,No data ,No data ,No data ,No data ,No data ,No data ,No data ,No data ,No data ,No data ,No data ,No data ,No data ,No data ,No data ,No data 
Romania,EU27,Satu Mare,91520,149,No data ,No data ,200,200,100,0,0,No data ,No data ,200,100,100,0,0,2024-11-07,Reportnet 3 submission harvested on 18 November 2024,https://reportnet.europa.eu/public/dataflow/873
Romania,EU27,Sibiu,134309,122,No data ,No data ,No data ,No data ,No data ,No data ,No data ,No data ,No data ,No data ,No data ,No data ,No data ,No data ,No data ,No data ,No data 
Romania,EU27,Suceava,84322,49,No data ,No data ,No data ,No data ,No data ,No data ,No data ,No data ,No data ,No data ,No data ,No data ,No data ,No data ,No data ,No data ,No data 
Romania,EU27,Targu Mures,116033,49,No data ,No data ,No data ,No data ,No data ,No data ,No data ,No data ,No data ,No data ,No data ,No data ,No data ,No data ,No data ,No data ,No data 
Romania,EU27,Timisoara,250849,129,No data ,No data ,0,0,0,0,0,No data ,No data ,0,0,0,0,0,2024-11-07,Reportnet 3 submission harvested on 18 November 2024,https://reportnet.europa.eu/public/dataflow/873
Romania,EU27,Vaslui,63035,68,No data ,No data ,No data ,No data ,No data ,No data ,No data ,No data ,No data ,No data ,No data ,No data ,No data ,No data ,No data ,No data ,No data 
Slovakia,EU27,Bratislava,459787,444.42,No data ,No data ,No data ,No data ,No data ,No data ,No data ,No data ,No data ,No data ,No data ,No data ,No data ,No data ,No data ,No data ,No data 
Slovakia,EU27,Kosicka,238675,113.3,No data ,No data ,No data ,No data ,No data ,No data ,No data ,No data ,No data ,No data ,No data ,No data ,No data ,No data ,No data ,No data ,No data 
Slovenia,EU27,Ljubljana,274500,275,No data ,No data ,No data ,No data ,No data ,No data ,No data ,No data ,No data ,No data ,No data ,No data ,No data ,No data ,No data ,No data ,No data 
Slovenia,EU27,Maribor,106400,147,No data ,No data ,No data ,No data ,No data ,No data ,No data ,No data ,No data ,No data ,No data ,No data ,No data ,No data ,No data ,No data ,No data 
Spain,EU27,A Coruna,247046,37.54,No data ,No data ,No data ,No data ,No data ,No data ,No data ,No data ,No data ,No data ,No data ,No data ,No data ,No data ,No data ,No data ,No data 
Spain,EU27,Albacete,173329,30.31,No data ,No data ,No data ,No data ,No data ,No data ,No data ,No data ,No data ,No data ,No data ,No data ,No data ,No data ,No data ,No data ,No data 
Spain,EU27,Alcala de Henares,190633,30.12,No data ,No data ,No data ,No data ,No data ,No data ,No data ,No data ,No data ,No data ,No data ,No data ,No data ,No data ,No data ,No data ,No data 
Spain,EU27,Alcobendas,117040,44.98,0,0,0,0,0,0,0,0,0,0,0,0,0,0,2024-04-10,Reportnet 3 submission harvested on 16 April 2024,https://reportnet.europa.eu/public/dataflow/873
Spain,EU27,Alcorcon,170514,34,No data ,No data ,No data ,No data ,No data ,No data ,No data ,No data ,No data ,No data ,No data ,No data ,No data ,No data ,No data ,No data ,No data 
Spain,EU27,Algeciras,123078,87.96,No data ,No data ,No data ,No data ,No data ,No data ,No data ,No data ,No data ,No data ,No data ,No data ,No data ,No data ,No data ,No data ,No data 
Spain,EU27,Alicante,332067,45.16,Not applicable,Not applicable,Not applicable,Not applicable,Not applicable,Not applicable,Not applicable,Not applicable,Not applicable,Not applicable,Not applicable,Not applicable,Not applicable,Not applicable,Not applicable,Not applicable,Not applicable
Spain,EU27,Almeria,199650,19.2,No data ,No data ,No data ,No data ,No data ,No data ,No data ,No data ,No data ,No data ,No data ,No data ,No data ,No data ,No data ,No data ,No data 
Spain,EU27,Badajoz,125471,20.46,No data ,No data ,No data ,No data ,No data ,No data ,No data ,No data ,No data ,No data ,No data ,No data ,No data ,No data ,No data ,No data ,No data 
Spain,EU27,Baix Llobregat Nord,232060,37.37,No data ,No data ,No data ,No data ,No data ,No data ,No data ,No data ,No data ,No data ,No data ,No data ,No data ,No data ,No data ,No data ,No data 
Spain,EU27,Baix Llobregat Sud,196987,72.48,No data ,No data ,No data ,No data ,No data ,No data ,No data ,No data ,No data ,No data ,No data ,No data ,No data ,No data ,No data ,No data ,No data 
Spain,EU27,Barakaldo,100049,7.19,No data ,No data ,No data ,No data ,No data ,No data ,No data ,No data ,No data ,No data ,No data ,No data ,No data ,No data ,No data ,No data ,No data 
Spain,EU27,Barcelona,1636762,101.77,No data ,No data ,No data ,No data ,No data ,No data ,No data ,No data ,No data ,No data ,No data ,No data ,No data ,No data ,No data ,No data ,No data 
Spain,EU27,Barcelones Nord,376752,31.92,No data ,No data ,No data ,No data ,No data ,No data ,No data ,No data ,No data ,No data ,No data ,No data ,No data ,No data ,No data ,No data ,No data 
Spain,EU27,Bilbao,345910,15.77,No data ,No data ,1300,0,0,0,0,No data ,No data ,1000,0,0,0,0,2024-04-10,Reportnet 3 submission harvested on 16 April 2024,https://reportnet.europa.eu/public/dataflow/873
Spain,EU27,Burgos,175821,107,No data ,No data ,No data ,No data ,No data ,No data ,No data ,No data ,No data ,No data ,No data ,No data ,No data ,No data ,No data ,No data ,No data 
Spain,EU27,Cadiz,116027,11.54,No data ,No data ,No data ,No data ,No data ,No data ,No data ,No data ,No data ,No data ,No data ,No data ,No data ,No data ,No data ,No data ,No data 
Spain,EU27,Cartagena,159377,20.54,No data ,No data ,No data ,No data ,No data ,No data ,No data ,No data ,No data ,No data ,No data ,No data ,No data ,No data ,No data ,No data ,No data 
Spain,EU27,Castellon de la Plana,174264,104.46,No data ,No data ,0,0,0,0,0,No data ,No data ,0,0,0,0,0,2024-04-10,Reportnet 3 submission harvested on 16 April 2024,https://reportnet.europa.eu/public/dataflow/873
Spain,EU27,Cordoba,326039,110.7,No data ,No data ,No data ,No data ,No data ,No data ,No data ,No data ,No data ,No data ,No data ,No data ,No data ,No data ,No data ,No data ,No data 
Spain,EU27,Dos Hermanas,133968,159.8,3300,800,200,0,0,0,0,1300,200,0,0,0,0,0,2024-04-10,Reportnet 3 submission harvested on 16 April 2024,https://reportnet.europa.eu/public/dataflow/873
Spain,EU27,Elche,219462,21.2,Not applicable,Not applicable,Not applicable,Not applicable,Not applicable,Not applicable,Not applicable,Not applicable,Not applicable,Not applicable,Not applicable,Not applicable,Not applicable,Not applicable,Not applicable,Not applicable,Not applicable
Spain,EU27,Fuenlabrada,193700,38.69,100,100,0,0,0,0,0,100,0,0,0,0,0,0,2024-04-10,Reportnet 3 submission harvested on 16 April 2024,https://reportnet.europa.eu/public/dataflow/873
Spain,EU27,Getafe,192601,77.96,6300,2700,1600,600,100,0,0,4400,1800,1100,500,0,0,0,2024-04-10,Reportnet 3 submission harvested on 16 April 2024,https://reportnet.europa.eu/public/dataflow/873
Spain,EU27,Gijon,274068,78.59,11000,6900,2000,900,200,0,400,6600,2100,800,100,0,400,0,2024-04-10,Reportnet 3 submission harvested on 16 April 2024,https://reportnet.europa.eu/public/dataflow/873
Spain,EU27,Girones,133214,45.45,No data ,No data ,No data ,No data ,No data ,No data ,No data ,No data ,No data ,No data ,No data ,No data ,No data ,No data ,No data ,No data ,No data 
Spain,EU27,Granada,258750,87.41,No data ,No data ,No data ,No data ,No data ,No data ,No data ,No data ,No data ,No data ,No data ,No data ,No data ,No data ,No data ,No data ,No data 
Spain,EU27,Huelva,146121,10.36,No data ,No data ,No data ,No data ,No data ,No data ,No data ,No data ,No data ,No data ,No data ,No data ,No data ,No data ,No data ,No data ,No data 
Spain,EU27,Jaen,115837,424,No data ,No data ,No data ,No data ,No data ,No data ,No data ,No data ,No data ,No data ,No data ,No data ,No data ,No data ,No data ,No data ,No data 
Spain,EU27,Jerez de la Frontera,197346,53.08,No data ,No data ,No data ,No data ,No data ,No data ,No data ,No data ,No data ,No data ,No data ,No data ,No data ,No data ,No data ,No data ,No data 
Spain,EU27,L'Hospitalet de Llobregat,264923,12.6,No data ,No data ,No data ,No data ,No data ,No data ,No data ,No data ,No data ,No data ,No data ,No data ,No data ,No data ,No data ,No data ,No data 
Spain,EU27,Las Palmas de Gran Canaria,381223,103.25,No data ,No data ,No data ,No data ,No data ,No data ,No data ,No data ,No data ,No data ,No data ,No data ,No data ,No data ,No data ,No data ,No data 
Spain,EU27,Leganes,192827,42.98,1100,0,0,0,0,0,0,700,0,0,0,0,0,0,2024-04-10,Reportnet 3 submission harvested on 16 April 2024,https://reportnet.europa.eu/public/dataflow/873
Spain,EU27,Leon,125163,39.03,600,100,0,0,0,0,0,400,0,0,0,0,0,0,2024-04-10,Reportnet 3 submission harvested on 16 April 2024,https://reportnet.europa.eu/public/dataflow/873
Spain,EU27,Lleida,138956,212.12,No data ,No data ,No data ,No data ,No data ,No data ,No data ,No data ,No data ,No data ,No data ,No data ,No data ,No data ,No data ,No data ,No data 
Spain,EU27,Logrono,150808,78.97,400,100,200,0,0,0,0,0,0,0,0,0,0,0,2024-04-10,Reportnet 3 submission harvested on 16 April 2024,https://reportnet.europa.eu/public/dataflow/873
Spain,EU27,Madrid,3334730,604.91,Not applicable,Not applicable,Not applicable,Not applicable,Not applicable,Not applicable,Not applicable,Not applicable,Not applicable,Not applicable,Not applicable,Not applicable,Not applicable,Not applicable,Not applicable,Not applicable,Not applicable
Spain,EU27,Malaga,566913,148.99,No data ,No data ,No data ,No data ,No data ,No data ,No data ,No data ,No data ,No data ,No data ,No data ,No data ,No data ,No data ,No data ,No data 
Spain,EU27,Mataro,128265,22.42,No data ,No data ,No data ,No data ,No data ,No data ,No data ,No data ,No data ,No data ,No data ,No data ,No data ,No data ,No data ,No data ,No data 
Spain,EU27,Mostoles,209184,45,No data ,No data ,No data ,No data ,No data ,No data ,No data ,No data ,No data ,No data ,No data ,No data ,No data ,No data ,No data ,No data ,No data 
Spain,EU27,Murcia,453258,886.01,No data ,No data ,No data ,No data ,No data ,No data ,No data ,No data ,No data ,No data ,No data ,No data ,No data ,No data ,No data ,No data ,No data 
Spain,EU27,Oviedo,222936,116.79,0,0,100,100,0,0,0,0,0,100,100,0,0,0,2024-04-10,Reportnet 3 submission harvested on 16 April 2024,https://reportnet.europa.eu/public/dataflow/873
Spain,EU27,Palma de Mallorca,414072,61.88,Not applicable,Not applicable,Not applicable,Not applicable,Not applicable,Not applicable,Not applicable,Not applicable,Not applicable,Not applicable,Not applicable,Not applicable,Not applicable,Not applicable,Not applicable,Not applicable,Not applicable
Spain,EU27,Pamplona,335350,66.05,0,4600,1600,200,0,0,0,0,0,1200,100,0,0,0,2024-04-10,Reportnet 3 submission harvested on 16 April 2024,https://reportnet.europa.eu/public/dataflow/873
Spain,EU27,Parla,135125,25,No data ,No data ,No data ,No data ,No data ,No data ,No data ,No data ,No data ,No data ,No data ,No data ,No data ,No data ,No data ,No data ,No data 
Spain,EU27,Reus,104373,52.9,No data ,No data ,No data ,No data ,No data ,No data ,No data ,No data ,No data ,No data ,No data ,No data ,No data ,No data ,No data ,No data ,No data 
Spain,EU27,Roquetas de Mar,106147,20.82,No data ,No data ,No data ,No data ,No data ,No data ,No data ,No data ,No data ,No data ,No data ,No data ,No data ,No data ,No data ,No data ,No data 
Spain,EU27,Salamanca,144228,27.69,No data ,No data ,No data ,No data ,No data ,No data ,No data ,No data ,No data ,No data ,No data ,No data ,No data ,No data ,No data ,No data ,No data 
Spain,EU27,San Cristobal de La Laguna,158911,102.45,No data ,No data ,No data ,No data ,No data ,No data ,No data ,No data ,No data ,No data ,No data ,No data ,No data ,No data ,No data ,No data ,No data 
Spain,EU27,San Sebastian - Donostia,178446,15.31,Not applicable,Not applicable,Not applicable,Not applicable,Not applicable,Not applicable,Not applicable,Not applicable,Not applicable,Not applicable,Not applicable,Not applicable,Not applicable,Not applicable,Not applicable,Not applicable,Not applicable
Spain,EU27,Santa Cruz de Tenerife,208755,150.67,No data ,No data ,No data ,No data ,No data ,No data ,No data ,No data ,No data ,No data ,No data ,No data ,No data ,No data ,No data ,No data ,No data 
Spain,EU27,Santander,172758,35.34,No data ,No data ,No data ,No data ,No data ,No data ,No data ,No data ,No data ,No data ,No data ,No data ,No data ,No data ,No data ,No data ,No data 
Spain,EU27,Sevilla,690609,68.6,No data ,No data ,No data ,No data ,No data ,No data ,No data ,No data ,No data ,No data ,No data ,No data ,No data ,No data ,No data ,No data ,No data 
Spain,EU27,Tarragones,140408,66.12,No data ,No data ,No data ,No data ,No data ,No data ,No data ,No data ,No data ,No data ,No data ,No data ,No data ,No data ,No data ,No data ,No data 
Spain,EU27,Telde,102070,102,No data ,No data ,No data ,No data ,No data ,No data ,No data ,No data ,No data ,No data ,No data ,No data ,No data ,No data ,No data ,No data ,No data 
Spain,EU27,Torrejon de Ardoz,131376,32.13,0,0,0,0,0,0,0,0,0,0,0,0,0,0,2024-04-10,Reportnet 3 submission harvested on 16 April 2024,https://reportnet.europa.eu/public/dataflow/873
Spain,EU27,Valencia,795736,134.47,No data ,No data ,0,100,0,0,0,No data ,No data ,100,0,0,0,0,2024-04-10,Reportnet 3 submission harvested on 16 April 2024,https://reportnet.europa.eu/public/dataflow/873
Spain,EU27,Valladolid,298412,195.39,1700,700,100,0,0,0,0,1500,300,0,0,0,0,0,2024-04-10,Reportnet 3 submission harvested on 16 April 2024,https://reportnet.europa.eu/public/dataflow/873
Spain,EU27,Valles Occidental I,260115,46.97,No data ,No data ,No data ,No data ,No data ,No data ,No data ,No data ,No data ,No data ,No data ,No data ,No data ,No data ,No data ,No data ,No data 
Spain,EU27,Valles Occidental II,228068,90.05,No data ,No data ,No data ,No data ,No data ,No data ,No data ,No data ,No data ,No data ,No data ,No data ,No data ,No data ,No data ,No data ,No data 
Spain,EU27,Vigo,291082,108.18,No data ,No data ,4300,3500,1500,0,0,No data ,No data ,3800,3200,800,0,0,2024-04-10,Reportnet 3 submission harvested on 16 April 2024,https://reportnet.europa.eu/public/dataflow/873
Spain,EU27,Vitoria - Gazteiz,244420,17.15,No data ,0,0,0,0,0,0,No data ,No data ,0,0,0,0,0,2024-04-10,Reportnet 3 submission harvested on 16 April 2024,https://reportnet.europa.eu/public/dataflow/873
Spain,EU27,Zaragoza,670356,38.61,No data ,No data ,No data ,No data ,No data ,No data ,No data ,No data ,No data ,No data ,No data ,No data ,No data ,No data ,No data ,No data ,No data 
Sweden,EU27,Boras,113179,909.88,Not applicable,Not applicable,Not applicable,Not applicable,Not applicable,Not applicable,Not applicable,Not applicable,Not applicable,Not applicable,Not applicable,Not applicable,Not applicable,Not applicable,Not applicable,Not applicable,Not applicable
Sweden,EU27,Eskilstuna,106859,1099.79,Not applicable,Not applicable,Not applicable,Not applicable,Not applicable,Not applicable,Not applicable,Not applicable,Not applicable,Not applicable,Not applicable,Not applicable,Not applicable,Not applicable,Not applicable,Not applicable,Not applicable
Sweden,EU27,Gavle,102418,1613.02,Not applicable,Not applicable,Not applicable,Not applicable,Not applicable,Not applicable,Not applicable,Not applicable,Not applicable,Not applicable,Not applicable,Not applicable,Not applicable,Not applicable,Not applicable,Not applicable,Not applicable
Sweden,EU27,Gothenburg,579281,447.88,Not applicable,Not applicable,Not applicable,Not applicable,Not applicable,Not applicable,Not applicable,Not applicable,Not applicable,Not applicable,Not applicable,Not applicable,Not applicable,Not applicable,Not applicable,Not applicable,Not applicable
Sweden,EU27,Halmstad,102767,1013.97,Not applicable,Not applicable,Not applicable,Not applicable,Not applicable,Not applicable,Not applicable,Not applicable,Not applicable,Not applicable,Not applicable,Not applicable,Not applicable,Not applicable,Not applicable,Not applicable,Not applicable
Sweden,EU27,Helsingborg,147734,343.89,Not applicable,Not applicable,Not applicable,Not applicable,Not applicable,Not applicable,Not applicable,Not applicable,Not applicable,Not applicable,Not applicable,Not applicable,Not applicable,Not applicable,Not applicable,Not applicable,Not applicable
Sweden,EU27,Huddinge,112848,131.03,Not applicable,Not applicable,Not applicable,Not applicable,Not applicable,Not applicable,Not applicable,Not applicable,Not applicable,Not applicable,Not applicable,Not applicable,Not applicable,Not applicable,Not applicable,Not applicable,Not applicable
Sweden,EU27,Jonkoping,141081,1480.21,Not applicable,Not applicable,Not applicable,Not applicable,Not applicable,Not applicable,Not applicable,Not applicable,Not applicable,Not applicable,Not applicable,Not applicable,Not applicable,Not applicable,Not applicable,Not applicable,Not applicable
Sweden,EU27,Linkoping,163051,1427.81,Not applicable,Not applicable,Not applicable,Not applicable,Not applicable,Not applicable,Not applicable,Not applicable,Not applicable,Not applicable,Not applicable,Not applicable,Not applicable,Not applicable,Not applicable,Not applicable,Not applicable
Sweden,EU27,Lund,124935,427.07,Not applicable,Not applicable,Not applicable,Not applicable,Not applicable,Not applicable,Not applicable,Not applicable,Not applicable,Not applicable,Not applicable,Not applicable,Not applicable,Not applicable,Not applicable,Not applicable,Not applicable
Sweden,EU27,Malmo,344166,156.6,Not applicable,Not applicable,Not applicable,Not applicable,Not applicable,Not applicable,Not applicable,Not applicable,Not applicable,Not applicable,Not applicable,Not applicable,Not applicable,Not applicable,Not applicable,Not applicable,Not applicable
Sweden,EU27,Nacka,105189,95.12,Not applicable,Not applicable,Not applicable,Not applicable,Not applicable,Not applicable,Not applicable,Not applicable,Not applicable,Not applicable,Not applicable,Not applicable,Not applicable,Not applicable,Not applicable,Not applicable,Not applicable
Sweden,EU27,Norrkoping,143171,1495.52,Not applicable,Not applicable,Not applicable,Not applicable,Not applicable,Not applicable,Not applicable,Not applicable,Not applicable,Not applicable,Not applicable,Not applicable,Not applicable,Not applicable,Not applicable,Not applicable,Not applicable
Sweden,EU27,Orebro,155696,1380.1,Not applicable,Not applicable,Not applicable,Not applicable,Not applicable,Not applicable,Not applicable,Not applicable,Not applicable,Not applicable,Not applicable,Not applicable,Not applicable,Not applicable,Not applicable,Not applicable,Not applicable
Sweden,EU27,Stockholm,974073,187.72,Not applicable,Not applicable,Not applicable,Not applicable,Not applicable,Not applicable,Not applicable,Not applicable,Not applicable,Not applicable,Not applicable,Not applicable,Not applicable,Not applicable,Not applicable,Not applicable,Not applicable
Sweden,EU27,Umea,128901,2316.68,Not applicable,Not applicable,Not applicable,Not applicable,Not applicable,Not applicable,Not applicable,Not applicable,Not applicable,Not applicable,Not applicable,Not applicable,Not applicable,Not applicable,Not applicable,Not applicable,Not applicable
Sweden,EU27,Uppsala,230767,2182.41,Not applicable,Not applicable,Not applicable,Not applicable,Not applicable,Not applicable,Not applicable,Not applicable,Not applicable,Not applicable,Not applicable,Not applicable,Not applicable,Not applicable,Not applicable,Not applicable,Not applicable
Sweden,EU27,Vasteras,154049,958.83,Not applicable,Not applicable,Not applicable,Not applicable,Not applicable,Not applicable,Not applicable,Not applicable,Not applicable,Not applicable,Not applicable,Not applicable,Not applicable,Not applicable,Not applicable,Not applicable,Not applicable
Switzerland,EEA32,Baden-Brugg,113240,91.48,Not applicable,Not applicable,Not applicable,Not applicable,Not applicable,Not applicable,Not applicable,Not applicable,Not applicable,Not applicable,Not applicable,Not applicable,Not applicable,Not applicable,Not applicable,Not applicable,Not applicable
Switzerland,EEA32,Basel,554536,695.22,Not applicable,Not applicable,Not applicable,Not applicable,Not applicable,Not applicable,Not applicable,Not applicable,Not applicable,Not applicable,Not applicable,Not applicable,Not applicable,Not applicable,Not applicable,Not applicable,Not applicable
Switzerland,EEA32,Bern,421240,780.97,Not applicable,Not applicable,Not applicable,Not applicable,Not applicable,Not applicable,Not applicable,Not applicable,Not applicable,Not applicable,Not applicable,Not applicable,Not applicable,Not applicable,Not applicable,Not applicable,Not applicable
Switzerland,EEA32,Biel/Bienne,107953,169.33,Not applicable,Not applicable,Not applicable,Not applicable,Not applicable,Not applicable,Not applicable,Not applicable,Not applicable,Not applicable,Not applicable,Not applicable,Not applicable,Not applicable,Not applicable,Not applicable,Not applicable
Switzerland,EEA32,Fribourg,107985,221.96,Not applicable,Not applicable,Not applicable,Not applicable,Not applicable,Not applicable,Not applicable,Not applicable,Not applicable,Not applicable,Not applicable,Not applicable,Not applicable,Not applicable,Not applicable,Not applicable,Not applicable
Switzerland,EEA32,Geneva,602056,538.08,Not applicable,Not applicable,Not applicable,Not applicable,Not applicable,Not applicable,Not applicable,Not applicable,Not applicable,Not applicable,Not applicable,Not applicable,Not applicable,Not applicable,Not applicable,Not applicable,Not applicable
Switzerland,EEA32,Lausanne,437806,774.36,Not applicable,Not applicable,Not applicable,Not applicable,Not applicable,Not applicable,Not applicable,Not applicable,Not applicable,Not applicable,Not applicable,Not applicable,Not applicable,Not applicable,Not applicable,Not applicable,Not applicable
Switzerland,EEA32,Lucerne,236386,291.84,Not applicable,Not applicable,Not applicable,Not applicable,Not applicable,Not applicable,Not applicable,Not applicable,Not applicable,Not applicable,Not applicable,Not applicable,Not applicable,Not applicable,Not applicable,Not applicable,Not applicable
Switzerland,EEA32,Lugano,113240,306.82,Not applicable,Not applicable,Not applicable,Not applicable,Not applicable,Not applicable,Not applicable,Not applicable,Not applicable,Not applicable,Not applicable,Not applicable,Not applicable,Not applicable,Not applicable,Not applicable,Not applicable
Switzerland,EEA32,St. Gallen,167517,317.87,Not applicable,Not applicable,Not applicable,Not applicable,Not applicable,Not applicable,Not applicable,Not applicable,Not applicable,Not applicable,Not applicable,Not applicable,Not applicable,Not applicable,Not applicable,Not applicable,Not applicable
Switzerland,EEA32,Winterthur,146238,148.49,Not applicable,Not applicable,Not applicable,Not applicable,Not applicable,Not applicable,Not applicable,Not applicable,Not applicable,Not applicable,Not applicable,Not applicable,Not applicable,Not applicable,Not applicable,Not applicable,Not applicable
Switzerland,EEA32,Zug,135171,227.98,Not applicable,Not applicable,Not applicable,Not applicable,Not applicable,Not applicable,Not applicable,Not applicable,Not applicable,Not applicable,Not applicable,Not applicable,Not applicable,Not applicable,Not applicable,Not applicable,Not applicable
Switzerland,EEA32,Zurich,1417961,1309.2,Not applicable,Not applicable,Not applicable,Not applicable,Not applicable,Not applicable,Not applicable,Not applicable,Not applicable,Not applicable,Not applicable,Not applicable,Not applicable,Not applicable,Not applicable,Not applicable,Not applicable
Turkey,EEA32,Information not provided,Information not provided,Information not provided,No data ,No data ,No data ,No data ,No data ,No data ,No data ,No data ,No data ,No data ,No data ,No data ,No data ,No data ,No data ,No data ,No data 
